2024-11-22 09:32:02,"python main_PASTE_time_memory_pairwise.py --data_dir '../../data/dataset_final_different_cell_number/D61/500/' --save_dir '../../result/time_memory/registration/D61/PASTE_pairwise/time_500.csv'",400943,1487.26,334
2024-11-22 09:32:07,"python main_PASTE_time_memory_pairwise.py --data_dir '../../data/dataset_final_different_cell_number/D61/1000/' --save_dir '../../result/time_memory/registration/D61/PASTE_pairwise/time_1000.csv'",401248,1481.35,340
2024-11-22 09:32:12,"python main_PASTE_time_memory_pairwise.py --data_dir '../../data/dataset_final_different_cell_number/D61/2000/' --save_dir '../../result/time_memory/registration/D61/PASTE_pairwise/time_2000.csv'",401572,1510.02,388
2024-11-22 09:32:17,"python main_PASTE_time_memory_pairwise.py --data_dir '../../data/dataset_final_different_cell_number/D61/3000/' --save_dir '../../result/time_memory/registration/D61/PASTE_pairwise/time_3000.csv'",401901,1572.91,488
2024-11-22 09:32:23,"python main_PASTE_time_memory_pairwise.py --data_dir '../../data/dataset_final_different_cell_number/D61/5000/' --save_dir '../../result/time_memory/registration/D61/PASTE_pairwise/time_5000.csv'",402283,1759.76,724
2024-11-22 09:32:34,"python main_PASTE_time_memory_pairwise.py --data_dir '../../data/dataset_final_different_cell_number/D61/10000/' --save_dir '../../result/time_memory/registration/D61/PASTE_pairwise/time_10000.csv'",402903,2439.20,1792
2024-11-22 09:32:48,"python main_PASTE_time_memory_pairwise.py --data_dir '../../data/dataset_final_different_cell_number/D61/20000/' --save_dir '../../result/time_memory/registration/D61/PASTE_pairwise/time_20000.csv'",403644,5406.57,5896
2024-11-22 09:33:23,"python main_PASTE_time_memory_pairwise.py --data_dir '../../data/dataset_final_different_cell_number/D61/30000/' --save_dir '../../result/time_memory/registration/D61/PASTE_pairwise/time_30000.csv'",405365,10251.51,12688
2024-11-22 09:33:45,"python main_PASTE_time_memory_pairwise.py --data_dir '../../data/dataset_final_different_cell_number/D61/50000/' --save_dir '../../result/time_memory/registration/D61/PASTE_pairwise/time_50000.csv'",406454,0,0
2024-11-22 09:33:59,"python main_PASTE_time_memory_pairwise.py --data_dir '../../data/dataset_final_different_cell_number/D61/80000/' --save_dir '../../result/time_memory/registration/D61/PASTE_pairwise/time_80000.csv'",407185,0,0
2024-11-22 09:34:20,"python main_PASTE_time_memory_pairwise.py --data_dir '../../data/dataset_final_different_cell_number/D61/100000/' --save_dir '../../result/time_memory/registration/D61/PASTE_pairwise/time_100000.csv'",408189,0,0
