2024-12-04 08:03:17,"python main_PASTE_time_memory_center.py --data_dir '../../data/dataset_final_different_cell_number/D62/500/' --save_dir '../../result/time_memory/registration/D61/PASTE_center/' --number 500",348557,1498.82,330
2024-12-04 08:03:24,"python main_PASTE_time_memory_center.py --data_dir '../../data/dataset_final_different_cell_number/D62/1000/' --save_dir '../../result/time_memory/registration/D61/PASTE_center/' --number 1000",349103,1485.68,360
2024-12-04 08:03:32,"python main_PASTE_time_memory_center.py --data_dir '../../data/dataset_final_different_cell_number/D62/2000/' --save_dir '../../result/time_memory/registration/D61/PASTE_center/' --number 2000",349806,1548.20,388
2024-12-04 08:03:45,"python main_PASTE_time_memory_center.py --data_dir '../../data/dataset_final_different_cell_number/D62/3000/' --save_dir '../../result/time_memory/registration/D61/PASTE_center/' --number 3000",350820,1644.96,488
2024-12-04 08:04:00,"python main_PASTE_time_memory_center.py --data_dir '../../data/dataset_final_different_cell_number/D62/5000/' --save_dir '../../result/time_memory/registration/D61/PASTE_center/' --number 5000",351949,2009.85,736
2024-12-04 08:04:56,"python main_PASTE_time_memory_center.py --data_dir '../../data/dataset_final_different_cell_number/D62/10000/' --save_dir '../../result/time_memory/registration/D61/PASTE_center/' --number 10000",355872,2890.19,1812
2024-12-04 08:06:51,"python main_PASTE_time_memory_center.py --data_dir '../../data/dataset_final_different_cell_number/D62/20000/' --save_dir '../../result/time_memory/registration/D61/PASTE_center/' --number 20000",363773,6801.80,5936
2024-12-04 08:14:06,"python main_PASTE_time_memory_center.py --data_dir '../../data/dataset_final_different_cell_number/D62/30000/' --save_dir '../../result/time_memory/registration/D61/PASTE_center/' --number 30000",393438,13259.90,12748
2024-12-04 08:26:12,"python main_PASTE_time_memory_center.py --data_dir '../../data/dataset_final_different_cell_number/D62/50000/' --save_dir '../../result/time_memory/registration/D61/PASTE_center/' --number 50000",442833,0,0
2024-12-04 08:26:57,"python main_PASTE_time_memory_center.py --data_dir '../../data/dataset_final_different_cell_number/D62/80000/' --save_dir '../../result/time_memory/registration/D61/PASTE_center/' --number 80000",445931,0,0
2024-12-04 08:28:11,"python main_PASTE_time_memory_center.py --data_dir '../../data/dataset_final_different_cell_number/D62/100000/' --save_dir '../../result/time_memory/registration/D61/PASTE_center/' --number 100000",450794,0,0
