2024-12-03 10:09:57,"python main_SPIRAL_time_memory.py --data_dir '../../data/dataset_final_different_cell_number/D61/500/' --save_dir '../../result/time_memory/D61/SPIRAL/time_500.csv'",426577,2591.28,428
2024-12-03 10:10:04,"python main_SPIRAL_time_memory.py --data_dir '../../data/dataset_final_different_cell_number/D61/1000/' --save_dir '../../result/time_memory/D61/SPIRAL/time_1000.csv'",427106,2953.32,502
2024-12-03 10:10:18,"python main_SPIRAL_time_memory.py --data_dir '../../data/dataset_final_different_cell_number/D61/2000/' --save_dir '../../result/time_memory/D61/SPIRAL/time_2000.csv'",428174,3038.41,574
2024-12-03 10:10:44,"python main_SPIRAL_time_memory.py --data_dir '../../data/dataset_final_different_cell_number/D61/3000/' --save_dir '../../result/time_memory/D61/SPIRAL/time_3000.csv'",429989,3077.42,612
2024-12-03 10:39:29,"python main_SPIRAL_time_memory.py --data_dir '../../data/dataset_final_different_cell_number/D61/5000/' --save_dir '../../result/time_memory/D61/SPIRAL/time_5000.csv'",498001,3352.43,738
2024-12-03 11:16:20,"python main_SPIRAL_time_memory.py --data_dir '../../data/dataset_final_different_cell_number/D61/10000/' --save_dir '../../result/time_memory/D61/SPIRAL/time_10000.csv'",583145,4139.92,1058
2024-12-03 11:21:32,"python main_SPIRAL_time_memory.py --data_dir '../../data/dataset_final_different_cell_number/D61/20000/' --save_dir '../../result/time_memory/D61/SPIRAL/time_20000.csv'",611227,6641.37,1756
2024-12-03 11:34:29,"python main_SPIRAL_time_memory.py --data_dir '../../data/dataset_final_different_cell_number/D61/30000/' --save_dir '../../result/time_memory/D61/SPIRAL/time_30000.csv'",680634,10711.48,2188
2024-12-03 11:56:16,"python main_SPIRAL_time_memory.py --data_dir '../../data/dataset_final_different_cell_number/D61/50000/' --save_dir '../../result/time_memory/D61/SPIRAL/time_50000.csv'",796947,23747.53,3396
2024-12-03 12:53:07,"python main_SPIRAL_time_memory.py --data_dir '../../data/dataset_final_different_cell_number/D61/80000/' --save_dir '../../result/time_memory/D61/SPIRAL/time_80000.csv'",1100946,53879.61,5106
2024-12-03 14:56:37,"python main_SPIRAL_time_memory.py --data_dir '../../data/dataset_final_different_cell_number/D61/100000/' --save_dir '../../result/time_memory/D61/SPIRAL/time_100000.csv'",1764884,81869.33,6256
