2024-11-06 09:44:03,"python main_matilda_train_time_memory.py --rna "../../data/dataset_final_different_cell_number/D22/rna_500.h5" --adt "../../data/dataset_final_different_cell_number/D22/adt_500.h5"  --atac "../../data/dataset_final_different_cell_number/D22/atac_500.h5"  --cty "../../data/dataset_final_different_cell_number/D22/cty_500.csv"  --save_path "../../result/time_memory/vertical integration/D22/Matilda/time_500.csv"",215993,2002.10,568
2024-11-06 09:44:09,"python main_matilda_train_time_memory.py --rna "../../data/dataset_final_different_cell_number/D22/rna_1000.h5"  --adt "../../data/dataset_final_different_cell_number/D22/adt_1000.h5" --atac "../../data/dataset_final_different_cell_number/D22/atac_1000.h5"  --cty "../../data/dataset_final_different_cell_number/D22/cty_1000.csv" --save_path "../../result/time_memory/vertical integration/D22/Matilda/time_1000.csv"",216325,1982.55,630
2024-11-06 09:44:16,"python main_matilda_train_time_memory.py --rna "../../data/dataset_final_different_cell_number/D22/rna_2000.h5"  --adt "../../data/dataset_final_different_cell_number/D22/adt_2000.h5" --atac "../../data/dataset_final_different_cell_number/D22/atac_2000.h5"  --cty "../../data/dataset_final_different_cell_number/D22/cty_2000.csv" --save_path "../../result/time_memory/vertical integration/D22/Matilda/time_2000.csv"",216722,2001.96,826
2024-11-06 09:44:28,"python main_matilda_train_time_memory.py --rna "../../data/dataset_final_different_cell_number/D22/rna_3000.h5"  --adt "../../data/dataset_final_different_cell_number/D22/adt_3000.h5" --atac "../../data/dataset_final_different_cell_number/D22/atac_3000.h5"  --cty "../../data/dataset_final_different_cell_number/D22/cty_3000.csv" --save_path "../../result/time_memory/vertical integration/D22/Matilda/time_3000.csv"",217289,2021.73,990
2024-11-06 09:44:41,"python main_matilda_train_time_memory.py --rna "../../data/dataset_final_different_cell_number/D22/rna_5000.h5"  --adt "../../data/dataset_final_different_cell_number/D22/adt_5000.h5" --atac "../../data/dataset_final_different_cell_number/D22/atac_5000.h5"  --cty "../../data/dataset_final_different_cell_number/D22/cty_5000.csv" --save_path "../../result/time_memory/vertical integration/D22/Matilda/time_5000.csv"",217985,2173.76,1468
2024-11-06 09:45:03,"python main_matilda_train_time_memory.py --rna "../../data/dataset_final_different_cell_number/D22/rna_10000.h5"  --adt "../../data/dataset_final_different_cell_number/D22/adt_10000.h5" --atac "../../data/dataset_final_different_cell_number/D22/atac_10000.h5"  --cty "../../data/dataset_final_different_cell_number/D22/cty_10000.csv" --save_path "../../result/time_memory/vertical integration/D22/Matilda/time_10000.csv"",218989,2613.74,2526
2024-11-06 09:45:43,"python main_matilda_train_time_memory.py --rna "../../data/dataset_final_different_cell_number/D22/rna_20000.h5"  --adt "../../data/dataset_final_different_cell_number/D22/adt_20000.h5" --atac "../../data/dataset_final_different_cell_number/D22/atac_20000.h5"  --cty "../../data/dataset_final_different_cell_number/D22/cty_20000.csv" --save_path "../../result/time_memory/vertical integration/D22/Matilda/time_20000.csv"",220852,3506.07,4646
2024-11-06 09:46:57,"python main_matilda_train_time_memory.py --rna "../../data/dataset_final_different_cell_number/D22/rna_30000.h5"  --adt "../../data/dataset_final_different_cell_number/D22/adt_30000.h5" --atac "../../data/dataset_final_different_cell_number/D22/atac_30000.h5"  --cty "../../data/dataset_final_different_cell_number/D22/cty_30000.csv" --save_path "../../result/time_memory/vertical integration/D22/Matilda/time_30000.csv"",224184,4420.98,6776
2024-11-06 09:48:46,"python main_matilda_train_time_memory.py --rna "../../data/dataset_final_different_cell_number/D22/rna_50000.h5"  --adt "../../data/dataset_final_different_cell_number/D22/adt_50000.h5" --atac "../../data/dataset_final_different_cell_number/D22/atac_50000.h5"  --cty "../../data/dataset_final_different_cell_number/D22/cty_50000.csv" --save_path "../../result/time_memory/vertical integration/D22/Matilda/time_50000.csv"",229500,6185.74,11006
2024-11-06 09:51:46,"python main_matilda_train_time_memory.py --rna "../../data/dataset_final_different_cell_number/D22/rna_80000.h5"  --adt "../../data/dataset_final_different_cell_number/D22/adt_80000.h5" --atac "../../data/dataset_final_different_cell_number/D22/atac_80000.h5"  --cty "../../data/dataset_final_different_cell_number/D22/cty_80000.csv" --save_path "../../result/time_memory/vertical integration/D22/Matilda/time_80000.csv"",237850,8837.17,17368
2024-11-06 09:56:30,"python main_matilda_train_time_memory.py --rna "../../data/dataset_final_different_cell_number/D22/rna_100000.h5"  --adt "../../data/dataset_final_different_cell_number/D22/adt_100000.h5" --atac "../../data/dataset_final_different_cell_number/D22/atac_100000.h5"  --cty "../../data/dataset_final_different_cell_number/D22/cty_100000.csv" --save_path "../../result/time_memory/vertical integration/D22/Matilda/time_100000.csv"",251018,10638.30,21622
