2024-11-21 20:34:25,"python main_GPSA_time_memory.py --data_dir '../../data/dataset_final_different_cell_number/D61/500/' --save_dir '../../result/time_memory/registration/D61/GPSA/time_500.csv'",2573388,2244.90,692
2024-11-21 20:37:51,"python main_GPSA_time_memory.py --data_dir '../../data/dataset_final_different_cell_number/D61/1000/' --save_dir '../../result/time_memory/registration/D61/GPSA/time_1000.csv'",2582829,2260.33,928
2024-11-21 20:38:09,"python main_GPSA_time_memory.py --data_dir '../../data/dataset_final_different_cell_number/D61/2000/' --save_dir '../../result/time_memory/registration/D61/GPSA/time_2000.csv'",2583714,2263.20,1498
2024-11-21 20:42:08,"python main_GPSA_time_memory.py --data_dir '../../data/dataset_final_different_cell_number/D61/3000/' --save_dir '../../result/time_memory/registration/D61/GPSA/time_3000.csv'",2594711,2281.03,1990
2024-11-21 20:46:33,"python main_GPSA_time_memory.py --data_dir '../../data/dataset_final_different_cell_number/D61/5000/' --save_dir '../../result/time_memory/registration/D61/GPSA/time_5000.csv'",2606911,2270.52,2970
2024-11-21 20:51:53,"python main_GPSA_time_memory.py --data_dir '../../data/dataset_final_different_cell_number/D61/10000/' --save_dir '../../result/time_memory/registration/D61/GPSA/time_10000.csv'",2621438,2320.44,5470
2024-11-21 20:59:23,"python main_GPSA_time_memory.py --data_dir '../../data/dataset_final_different_cell_number/D61/20000/' --save_dir '../../result/time_memory/registration/D61/GPSA/time_20000.csv'",2642040,2445.91,8944
2024-11-21 21:11:22,"python main_GPSA_time_memory.py --data_dir '../../data/dataset_final_different_cell_number/D61/30000/' --save_dir '../../result/time_memory/registration/D61/GPSA/time_30000.csv'",2675709,2548.13,13158
2024-11-21 21:27:54,"python main_GPSA_time_memory.py --data_dir '../../data/dataset_final_different_cell_number/D61/50000/' --save_dir '../../result/time_memory/registration/D61/GPSA/time_50000.csv'",2722490,2720.87,21624
2024-11-21 21:53:53,"python main_GPSA_time_memory.py --data_dir '../../data/dataset_final_different_cell_number/D61/80000/' --save_dir '../../result/time_memory/registration/D61/GPSA/time_80000.csv'",2798919,0,0
2024-11-21 21:53:53,"python main_GPSA_time_memory.py --data_dir '../../data/dataset_final_different_cell_number/D61/100000/' --save_dir '../../result/time_memory/registration/D61/GPSA/time_100000.csv'",2798919,0,0
