2024-11-21 21:58:44,"python main_PASTE2_time_memory.py --data_dir '../../data/dataset_final_different_cell_number/D61/500/' --save_dir '../../result/time_memory/registration/D61/PASTE2/time_500.csv'",2804931,1122.90,256
2024-11-21 22:00:49,"python main_PASTE2_time_memory.py --data_dir '../../data/dataset_final_different_cell_number/D61/1000/' --save_dir '../../result/time_memory/registration/D61/PASTE2/time_1000.csv'",2810612,1124.85,256
2024-11-21 22:04:26,"python main_PASTE2_time_memory.py --data_dir '../../data/dataset_final_different_cell_number/D61/2000/' --save_dir '../../result/time_memory/registration/D61/PASTE2/time_2000.csv'",2820349,1210.35,256
2024-11-21 22:12:32,"python main_PASTE2_time_memory.py --data_dir '../../data/dataset_final_different_cell_number/D61/3000/' --save_dir '../../result/time_memory/registration/D61/PASTE2/time_3000.csv'",2841857,1342.28,256
2024-11-21 22:27:19,"python main_PASTE2_time_memory.py --data_dir '../../data/dataset_final_different_cell_number/D61/5000/' --save_dir '../../result/time_memory/registration/D61/PASTE2/time_5000.csv'",2881033,1817.07,256
2024-11-21 22:51:19,"python main_PASTE2_time_memory.py --data_dir '../../data/dataset_final_different_cell_number/D61/10000/' --save_dir '../../result/time_memory/registration/D61/PASTE2/time_10000.csv'",2944173,3844.18,256
2024-11-22 00:18:46,"python main_PASTE2_time_memory.py --data_dir '../../data/dataset_final_different_cell_number/D61/20000/' --save_dir '../../result/time_memory/registration/D61/PASTE2/time_20000.csv'",3166705,11898.76,256
2024-11-22 03:52:46,"python main_PASTE2_time_memory.py --data_dir '../../data/dataset_final_different_cell_number/D61/30000/' --save_dir '../../result/time_memory/registration/D61/PASTE2/time_30000.csv'",3166705,23898.76,256
2024-11-22 14:53:56,"python main_PASTE2_time_memory.py --data_dir '../../data/dataset_final_different_cell_number/D61/50000/' --save_dir '../../result/time_memory/registration/D61/PASTE2/time_50000.csv'",1269781,68159.37,256
2024-11-22 21:56:41,"python main_PASTE2_time_memory.py --data_dir '../../data/dataset_final_different_cell_number/D61/80000/' --save_dir '../../result/time_memory/registration/D61/PASTE2/time_80000.csv'",2352958,0,0
2024-11-22 21:56:41,"python main_PASTE2_time_memory.py --data_dir '../../data/dataset_final_different_cell_number/D61/80000/' --save_dir '../../result/time_memory/registration/D61/PASTE2/time_80000.csv'",2352958,0,0
