2024-11-05 18:01:18,"python main_scMoMaT_time_memory.py --path1 "../../data/dataset_final_different_cell_number/D22/rna_500.h5" --path2 "../../data/dataset_final_different_cell_number/D22/adt_500.h5"  --path3 "../../data/dataset_final_different_cell_number/D22/atac_500.h5"  --save_path "../../result/time_memory/vertical integration/D22/scMoMaT/time_500.csv"",3842710,2928.80,480
2024-11-05 18:02:15,"python main_scMoMaT_time_memory.py --path1 "../../data/dataset_final_different_cell_number/D22/rna_1000.h5" --path2 "../../data/dataset_final_different_cell_number/D22/adt_1000.h5"   --path3 "../../data/dataset_final_different_cell_number/D22/atac_1000.h5"  --save_path "../../result/time_memory/vertical integration/D22/scMoMaT/time_1000.csv"",3845396,2964.44,522
2024-11-05 18:03:07,"python main_scMoMaT_time_memory.py --path1 "../../data/dataset_final_different_cell_number/D22/rna_2000.h5" --path2 "../../data/dataset_final_different_cell_number/D22/adt_2000.h5"   --path3 "../../data/dataset_final_different_cell_number/D22/atac_2000.h5"  --save_path "../../result/time_memory/vertical integration/D22/scMoMaT/time_2000.csv"",3847875,3094.06,602
2024-11-05 18:04:03,"python main_scMoMaT_time_memory.py --path1 "../../data/dataset_final_different_cell_number/D22/rna_3000.h5" --path2 "../../data/dataset_final_different_cell_number/D22/adt_3000.h5"   --path3 "../../data/dataset_final_different_cell_number/D22/atac_3000.h5"  --save_path "../../result/time_memory/vertical integration/D22/scMoMaT/time_3000.csv"",3850509,3195.52,696
2024-11-05 18:05:00,"python main_scMoMaT_time_memory.py --path1 "../../data/dataset_final_different_cell_number/D22/rna_5000.h5" --path2 "../../data/dataset_final_different_cell_number/D22/adt_5000.h5"   --path3 "../../data/dataset_final_different_cell_number/D22/atac_5000.h5"  --save_path "../../result/time_memory/vertical integration/D22/scMoMaT/time_5000.csv"",3853211,3526.99,852
2024-11-05 18:06:03,"python main_scMoMaT_time_memory.py --path1 "../../data/dataset_final_different_cell_number/D22/rna_10000.h5" --path2 "../../data/dataset_final_different_cell_number/D22/adt_10000.h5"   --path3 "../../data/dataset_final_different_cell_number/D22/atac_10000.h5"  --save_path "../../result/time_memory/vertical integration/D22/scMoMaT/time_10000.csv"",3856194,4371.37,1248
2024-11-05 18:07:21,"python main_scMoMaT_time_memory.py --path1 "../../data/dataset_final_different_cell_number/D22/rna_20000.h5" --path2 "../../data/dataset_final_different_cell_number/D22/adt_20000.h5"   --path3 "../../data/dataset_final_different_cell_number/D22/atac_20000.h5"  --save_path "../../result/time_memory/vertical integration/D22/scMoMaT/time_20000.csv"",3859839,7130.21,2026
2024-11-05 18:08:53,"python main_scMoMaT_time_memory.py --path1 "../../data/dataset_final_different_cell_number/D22/rna_30000.h5" --path2 "../../data/dataset_final_different_cell_number/D22/adt_30000.h5"   --path3 "../../data/dataset_final_different_cell_number/D22/atac_30000.h5"  --save_path "../../result/time_memory/vertical integration/D22/scMoMaT/time_30000.csv"",3864121,11320.12,2828
2024-11-05 18:10:54,"python main_scMoMaT_time_memory.py --path1 "../../data/dataset_final_different_cell_number/D22/rna_50000.h5" --path2 "../../data/dataset_final_different_cell_number/D22/adt_50000.h5"   --path3 "../../data/dataset_final_different_cell_number/D22/atac_50000.h5"  --save_path "../../result/time_memory/vertical integration/D22/scMoMaT/time_50000.csv"",3869592,22878.71,4402
2024-11-05 18:13:59,"python main_scMoMaT_time_memory.py --path1 "../../data/dataset_final_different_cell_number/D22/rna_80000.h5" --path2 "../../data/dataset_final_different_cell_number/D22/adt_80000.h5"   --path3 "../../data/dataset_final_different_cell_number/D22/atac_80000.h5"  --save_path "../../result/time_memory/vertical integration/D22/scMoMaT/time_80000.csv"",3877717,51865.58,6782
2024-11-05 18:19:35,"python main_scMoMaT_time_memory.py --path1 "../../data/dataset_final_different_cell_number/D22/rna_100000.h5" --path2 "../../data/dataset_final_different_cell_number/D22/adt_100000.h5"   --path3 "../../data/dataset_final_different_cell_number/D22/atac_100000.h5"  --save_path "../../result/time_memory/vertical integration/D22/scMoMaT/time_100000.csv"",3891724,76944.03,8370
