2024-10-19 01:10:39,"python main_scMM_time_memory.py --path1 "../../data/dataset_final_different_cell_number/D15/rna_500.h5" --path2 "../../data/dataset_final_different_cell_number/D15/atac_500.h5"  --save_path "../../result/time_memory/vertical integration/D15/scMM/time_500.csv" --model rna_atac",3378416,2186.31,1384
2024-10-19 01:10:55,"python main_scMM_time_memory.py --path1 "../../data/dataset_final_different_cell_number/D15/rna_1000.h5" --path2 "../../data/dataset_final_different_cell_number/D15/atac_1000.h5"  --save_path "../../result/time_memory/vertical integration/D15/scMM/time_1000.csv" --model rna_atac",3379364,2660.71,1384
2024-10-19 01:11:16,"python main_scMM_time_memory.py --path1 "../../data/dataset_final_different_cell_number/D15/rna_2000.h5" --path2 "../../data/dataset_final_different_cell_number/D15/atac_2000.h5"  --save_path "../../result/time_memory/vertical integration/D15/scMM/time_2000.csv" --model rna_atac",3380527,3590.16,1390
2024-10-19 01:11:50,"python main_scMM_time_memory.py --path1 "../../data/dataset_final_different_cell_number/D15/rna_3000.h5" --path2 "../../data/dataset_final_different_cell_number/D15/atac_3000.h5"  --save_path "../../result/time_memory/vertical integration/D15/scMM/time_3000.csv" --model rna_atac",3382344,4752.57,1384
2024-10-19 01:12:37,"python main_scMM_time_memory.py --path1 "../../data/dataset_final_different_cell_number/D15/rna_5000.h5" --path2 "../../data/dataset_final_different_cell_number/D15/atac_5000.h5"  --save_path "../../result/time_memory/vertical integration/D15/scMM/time_5000.csv" --model rna_atac",3384752,7434.07,1386
2024-10-19 01:13:51,"python main_scMM_time_memory.py --path1 "../../data/dataset_final_different_cell_number/D15/rna_10000.h5" --path2 "../../data/dataset_final_different_cell_number/D15/atac_10000.h5"  --save_path "../../result/time_memory/vertical integration/D15/scMM/time_10000.csv" --model rna_atac",3388524,14139.98,1390
2024-10-19 01:16:15,"python main_scMM_time_memory.py --path1 "../../data/dataset_final_different_cell_number/D15/rna_20000.h5" --path2 "../../data/dataset_final_different_cell_number/D15/atac_20000.h5"  --save_path "../../result/time_memory/vertical integration/D15/scMM/time_20000.csv" --model rna_atac",3395637,27553.57,1388
2024-10-19 01:20:54,"python main_scMM_time_memory.py --path1 "../../data/dataset_final_different_cell_number/D15/rna_30000.h5" --path2 "../../data/dataset_final_different_cell_number/D15/atac_30000.h5"  --save_path "../../result/time_memory/vertical integration/D15/scMM/time_30000.csv" --model rna_atac",3409341,40963.38,1388
2024-10-19 01:27:53,"python main_scMM_time_memory.py --path1 "../../data/dataset_final_different_cell_number/D15/rna_50000.h5" --path2 "../../data/dataset_final_different_cell_number/D15/atac_50000.h5"  --save_path "../../result/time_memory/vertical integration/D15/scMM/time_50000.csv" --model rna_atac",3429703,67790.35,1390
2024-10-19 01:39:22,"python main_scMM_time_memory.py --path1 "../../data/dataset_final_different_cell_number/D15/rna_80000.h5" --path2 "../../data/dataset_final_different_cell_number/D15/atac_80000.h5"  --save_path "../../result/time_memory/vertical integration/D15/scMM/time_80000.csv" --model rna_atac",3463073,108029.09,1388
2024-10-19 01:57:52,"python main_scMM_time_memory.py --path1 "../../data/dataset_final_different_cell_number/D15/rna_100000.h5" --path2 "../../data/dataset_final_different_cell_number/D15/atac_100000.h5"  --save_path "../../result/time_memory/vertical integration/D15/scMM/time_100000.csv" --model rna_atac",3516869,124063.58,0
