2024-11-01 21:38:42,"python main_UnitedNet_time_memory.py --train_path1 "../../data/dataset_final_different_cell_number/D15/rna_500.h5" --train_path2 "../../data/dataset_final_different_cell_number/D15/atac_500.h5"  --train_cty_path "../../data/dataset_final_different_cell_number/D15/cty_500.csv" --test_path1 "../../data/dataset_final_different_cell_number/D15/rna_500.h5" --test_path2 "../../data/dataset_final_different_cell_number/D15/atac_500.h5" --save_path "../../result/time_memory/vertical integration/D15/UnitedNet/time_500.csv"",418096,2372.00,514
2024-11-01 21:38:59,"python main_UnitedNet_time_memory.py --train_path1 "../../data/dataset_final_different_cell_number/D15/rna_1000.h5" --train_path2 "../../data/dataset_final_different_cell_number/D15/atac_1000.h5"  --train_cty_path "../../data/dataset_final_different_cell_number/D15/cty_1000.csv" --test_path1 "../../data/dataset_final_different_cell_number/D15/rna_1000.h5" --test_path2 "../../data/dataset_final_different_cell_number/D15/atac_1000.h5" --save_path "../../result/time_memory/vertical integration/D15/UnitedNet/time_1000.csv"",419094,2524.84,690
2024-11-01 21:39:22,"python main_UnitedNet_time_memory.py --train_path1 "../../data/dataset_final_different_cell_number/D15/rna_2000.h5" --train_path2 "../../data/dataset_final_different_cell_number/D15/atac_2000.h5"  --train_cty_path "../../data/dataset_final_different_cell_number/D15/cty_2000.csv" --test_path1 "../../data/dataset_final_different_cell_number/D15/rna_2000.h5" --test_path2 "../../data/dataset_final_different_cell_number/D15/atac_2000.h5" --save_path "../../result/time_memory/vertical integration/D15/UnitedNet/time_2000.csv"",420418,2875.26,1436
2024-11-01 21:40:03,"python main_UnitedNet_time_memory.py --train_path1 "../../data/dataset_final_different_cell_number/D15/rna_3000.h5" --train_path2 "../../data/dataset_final_different_cell_number/D15/atac_3000.h5"  --train_cty_path "../../data/dataset_final_different_cell_number/D15/cty_3000.csv" --test_path1 "../../data/dataset_final_different_cell_number/D15/rna_3000.h5" --test_path2 "../../data/dataset_final_different_cell_number/D15/atac_3000.h5" --save_path "../../result/time_memory/vertical integration/D15/UnitedNet/time_3000.csv"",422572,3434.12,2446
2024-11-01 21:41:04,"python main_UnitedNet_time_memory.py --train_path1 "../../data/dataset_final_different_cell_number/D15/rna_5000.h5" --train_path2 "../../data/dataset_final_different_cell_number/D15/atac_5000.h5"  --train_cty_path "../../data/dataset_final_different_cell_number/D15/cty_5000.csv" --test_path1 "../../data/dataset_final_different_cell_number/D15/rna_5000.h5" --test_path2 "../../data/dataset_final_different_cell_number/D15/atac_5000.h5" --save_path "../../result/time_memory/vertical integration/D15/UnitedNet/time_5000.csv"",425619,4628.94,4626
2024-11-01 21:42:51,"python main_UnitedNet_time_memory.py --train_path1 "../../data/dataset_final_different_cell_number/D15/rna_10000.h5" --train_path2 "../../data/dataset_final_different_cell_number/D15/atac_10000.h5"  --train_cty_path "../../data/dataset_final_different_cell_number/D15/cty_10000.csv" --test_path1 "../../data/dataset_final_different_cell_number/D15/rna_10000.h5" --test_path2 "../../data/dataset_final_different_cell_number/D15/atac_10000.h5" --save_path "../../result/time_memory/vertical integration/D15/UnitedNet/time_10000.csv"",430872,8720.74,4846
2024-11-01 21:46:44,"python main_UnitedNet_time_memory.py --train_path1 "../../data/dataset_final_different_cell_number/D15/rna_20000.h5" --train_path2 "../../data/dataset_final_different_cell_number/D15/atac_20000.h5"  --train_cty_path "../../data/dataset_final_different_cell_number/D15/cty_20000.csv" --test_path1 "../../data/dataset_final_different_cell_number/D15/rna_20000.h5" --test_path2 "../../data/dataset_final_different_cell_number/D15/atac_20000.h5" --save_path "../../result/time_memory/vertical integration/D15/UnitedNet/time_20000.csv"",442190,21463.04,6466
2024-11-01 21:54:51,"python main_UnitedNet_time_memory.py --train_path1 "../../data/dataset_final_different_cell_number/D15/rna_30000.h5" --train_path2 "../../data/dataset_final_different_cell_number/D15/atac_30000.h5"  --train_cty_path "../../data/dataset_final_different_cell_number/D15/cty_30000.csv" --test_path1 "../../data/dataset_final_different_cell_number/D15/rna_30000.h5" --test_path2 "../../data/dataset_final_different_cell_number/D15/atac_30000.h5" --save_path "../../result/time_memory/vertical integration/D15/UnitedNet/time_30000.csv"",465628,40389.40,10648
2024-11-01 22:08:54,"python main_UnitedNet_time_memory.py --train_path1 "../../data/dataset_final_different_cell_number/D15/rna_50000.h5" --train_path2 "../../data/dataset_final_different_cell_number/D15/atac_50000.h5"  --train_cty_path "../../data/dataset_final_different_cell_number/D15/cty_50000.csv" --test_path1 "../../data/dataset_final_different_cell_number/D15/rna_50000.h5" --test_path2 "../../data/dataset_final_different_cell_number/D15/atac_50000.h5" --save_path "../../result/time_memory/vertical integration/D15/UnitedNet/time_50000.csv"",506125,96548.59,19444
