2024-11-02 08:45:47,"python main_scMDC_time_memory.py --path1 "../../data/dataset_final_different_cell_number/D15/rna_500.h5" --path2 "../../data/dataset_final_different_cell_number/D15/atac_500.h5"  --save_path "../../result/time_memory/vertical integration/D15/scMDC/time_500.csv"  --f1 2000 --f2 2000 -el 256 128 64 -dl1 64 128 256 -dl2 64 128 256 --phi1 0.005 --phi2 0.005 --sigma2 2.5 --tau .1 --n_clusters 9",985727,2100.71,934
2024-11-02 08:46:03,"python main_scMDC_time_memory.py --path1 "../../data/dataset_final_different_cell_number/D15/rna_1000.h5" --path2 "../../data/dataset_final_different_cell_number/D15/atac_1000.h5"  --save_path "../../result/time_memory/vertical integration/D15/scMDC/time_1000.csv"  --f1 2000 --f2 2000 -el 256 128 64 -dl1 64 128 256 -dl2 64 128 256 --phi1 0.005 --phi2 0.005 --sigma2 2.5 --tau .1 --n_clusters 9",986594,2160.85,914
2024-11-02 08:46:32,"python main_scMDC_time_memory.py --path1 "../../data/dataset_final_different_cell_number/D15/rna_2000.h5" --path2 "../../data/dataset_final_different_cell_number/D15/atac_2000.h5"  --save_path "../../result/time_memory/vertical integration/D15/scMDC/time_2000.csv"  --f1 2000 --f2 2000 -el 256 128 64 -dl1 64 128 256 -dl2 64 128 256 --phi1 0.005 --phi2 0.005 --sigma2 2.5 --tau .1 --n_clusters 9",988076,2311.83,994
2024-11-02 08:47:28,"python main_scMDC_time_memory.py --path1 "../../data/dataset_final_different_cell_number/D15/rna_3000.h5" --path2 "../../data/dataset_final_different_cell_number/D15/atac_3000.h5"  --save_path "../../result/time_memory/vertical integration/D15/scMDC/time_3000.csv"  --f1 2000 --f2 2000 -el 256 128 64 -dl1 64 128 256 -dl2 64 128 256 --phi1 0.005 --phi2 0.005 --sigma2 2.5 --tau .1 --n_clusters 9",990785,2463.34,1030
2024-11-02 08:48:49,"python main_scMDC_time_memory.py --path1 "../../data/dataset_final_different_cell_number/D15/rna_5000.h5" --path2 "../../data/dataset_final_different_cell_number/D15/atac_5000.h5"  --save_path "../../result/time_memory/vertical integration/D15/scMDC/time_5000.csv"  --f1 2000 --f2 2000 -el 256 128 64 -dl1 64 128 256 -dl2 64 128 256 --phi1 0.005 --phi2 0.005 --sigma2 2.5 --tau .1 --n_clusters 9",994685,2839.03,1086
2024-11-02 08:51:01,"python main_scMDC_time_memory.py --path1 "../../data/dataset_final_different_cell_number/D15/rna_10000.h5" --path2 "../../data/dataset_final_different_cell_number/D15/atac_10000.h5"  --save_path "../../result/time_memory/vertical integration/D15/scMDC/time_10000.csv"  --f1 2000 --f2 2000 -el 256 128 64 -dl1 64 128 256 -dl2 64 128 256 --phi1 0.005 --phi2 0.005 --sigma2 2.5 --tau .1 --n_clusters 9",1000974,3701.92,1290
2024-11-02 08:55:27,"python main_scMDC_time_memory.py --path1 "../../data/dataset_final_different_cell_number/D15/rna_20000.h5" --path2 "../../data/dataset_final_different_cell_number/D15/atac_20000.h5"  --save_path "../../result/time_memory/vertical integration/D15/scMDC/time_20000.csv"  --f1 2000 --f2 2000 -el 256 128 64 -dl1 64 128 256 -dl2 64 128 256 --phi1 0.005 --phi2 0.005 --sigma2 2.5 --tau .1 --n_clusters 9",1013449,6221.89,1688
2024-11-02 09:03:56,"python main_scMDC_time_memory.py --path1 "../../data/dataset_final_different_cell_number/D15/rna_30000.h5" --path2 "../../data/dataset_final_different_cell_number/D15/atac_30000.h5"  --save_path "../../result/time_memory/vertical integration/D15/scMDC/time_30000.csv"  --f1 2000 --f2 2000 -el 256 128 64 -dl1 64 128 256 -dl2 64 128 256 --phi1 0.005 --phi2 0.005 --sigma2 2.5 --tau .1 --n_clusters 9",1037249,9090.25,2090
2024-11-02 09:17:11,"python main_scMDC_time_memory.py --path1 "../../data/dataset_final_different_cell_number/D15/rna_50000.h5" --path2 "../../data/dataset_final_different_cell_number/D15/atac_50000.h5"  --save_path "../../result/time_memory/vertical integration/D15/scMDC/time_50000.csv"  --f1 2000 --f2 2000 -el 256 128 64 -dl1 64 128 256 -dl2 64 128 256 --phi1 0.005 --phi2 0.005 --sigma2 2.5 --tau .1 --n_clusters 9",1074465,14815.51,2810
2024-11-02 09:38:31,"python main_scMDC_time_memory.py --path1 "../../data/dataset_final_different_cell_number/D15/rna_80000.h5" --path2 "../../data/dataset_final_different_cell_number/D15/atac_80000.h5"  --save_path "../../result/time_memory/vertical integration/D15/scMDC/time_80000.csv"  --f1 2000 --f2 2000 -el 256 128 64 -dl1 64 128 256 -dl2 64 128 256 --phi1 0.005 --phi2 0.005 --sigma2 2.5 --tau .1 --n_clusters 9",1134246,23402.62,3962
2024-11-02 10:12:07,"python main_scMDC_time_memory.py --path1 "../../data/dataset_final_different_cell_number/D15/rna_100000.h5" --path2 "../../data/dataset_final_different_cell_number/D15/atac_100000.h5"  --save_path "../../result/time_memory/vertical integration/D15/scMDC/time_100000.csv"  --f1 2000 --f2 2000 -el 256 128 64 -dl1 64 128 256 -dl2 64 128 256 --phi1 0.005 --phi2 0.005 --sigma2 2.5 --tau .1 --n_clusters 9",1228166,29129.44,4758
