2024-11-09 02:04:05,"Rscript main_MOFA2_time_memory.Rmd  '../../data/dataset_final_different_cell_number/D15/rna_500.h5' '../../data/dataset_final_different_cell_number/D15/atac_500.h5' 1 2 '../../result/time_memory/vertical integration/D15/MOFA2/time_500.csv'",2779011,2021.24, 664
2024-11-09 02:04:31,"Rscript main_MOFA2_time_memory.Rmd  '../../data/dataset_final_different_cell_number/D15/rna_1000.h5' '../../data/dataset_final_different_cell_number/D15/atac_1000.h5' 1 2 '../../result/time_memory/vertical integration/D15/MOFA2/time_1000.csv'",2780811,2368.85, 724
2024-11-09 02:05:06,"Rscript main_MOFA2_time_memory.Rmd  '../../data/dataset_final_different_cell_number/D15/rna_2000.h5' '../../data/dataset_final_different_cell_number/D15/atac_2000.h5' 1 2 '../../result/time_memory/vertical integration/D15/MOFA2/time_2000.csv'",2783124,3025.12, 844
2024-11-09 02:06:22,"Rscript main_MOFA2_time_memory.Rmd  '../../data/dataset_final_different_cell_number/D15/rna_3000.h5' '../../data/dataset_final_different_cell_number/D15/atac_3000.h5' 1 2 '../../result/time_memory/vertical integration/D15/MOFA2/time_3000.csv'",2787705,3721.67, 952
2024-11-09 02:07:30,"Rscript main_MOFA2_time_memory.Rmd  '../../data/dataset_final_different_cell_number/D15/rna_5000.h5' '../../data/dataset_final_different_cell_number/D15/atac_5000.h5' 1 2 '../../result/time_memory/vertical integration/D15/MOFA2/time_5000.csv'",2791881,5132.37, 1180
2024-11-09 02:09:17,"Rscript main_MOFA2_time_memory.Rmd  '../../data/dataset_final_different_cell_number/D15/rna_10000.h5' '../../data/dataset_final_different_cell_number/D15/atac_10000.h5' 1 2 '../../result/time_memory/vertical integration/D15/MOFA2/time_10000.csv'",2798208,8029.06, 1756
2024-11-09 02:12:32,"Rscript main_MOFA2_time_memory.Rmd  '../../data/dataset_final_different_cell_number/D15/rna_20000.h5' '../../data/dataset_final_different_cell_number/D15/atac_20000.h5' 1 2 '../../result/time_memory/vertical integration/D15/MOFA2/time_20000.csv'",2809378,14427.78, 2898
2024-11-09 02:25:23,"Rscript main_MOFA2_time_memory.Rmd  '../../data/dataset_final_different_cell_number/D15/rna_30000.h5' '../../data/dataset_final_different_cell_number/D15/atac_30000.h5' 1 2 '../../result/time_memory/vertical integration/D15/MOFA2/time_30000.csv'",2847280,21306.96, 4052
2024-11-09 02:38:54,"Rscript main_MOFA2_time_memory.Rmd  '../../data/dataset_final_different_cell_number/D15/rna_50000.h5' '../../data/dataset_final_different_cell_number/D15/atac_50000.h5' 1 2 '../../result/time_memory/vertical integration/D15/MOFA2/time_50000.csv'",2893070,33089.05, 6334
2024-11-09 02:54:29,"Rscript main_MOFA2_time_memory.Rmd  '../../data/dataset_final_different_cell_number/D15/rna_80000.h5' '../../data/dataset_final_different_cell_number/D15/atac_80000.h5' 1 2 '../../result/time_memory/vertical integration/D15/MOFA2/time_80000.csv'",2946556,52829.01, 9768
2024-11-09 03:20:37,"Rscript main_MOFA2_time_memory.Rmd  '../../data/dataset_final_different_cell_number/D15/rna_100000.h5' '../../data/dataset_final_different_cell_number/D15/atac_100000.h5' 1 2 '../../result/time_memory/vertical integration/D15/MOFA2/time_100000.csv'",3039772,64538.12, 12062
