2024-11-01 16:46:44,"python main_scMoMaT_time_memory.py --path1 "../../data/dataset_final_different_cell_number/D15/rna_500.h5" --path3 "../../data/dataset_final_different_cell_number/D15/atac_500.h5"  --save_path "../../result/time_memory/vertical integration/D15/scMoMaT/time_500.csv"",3758649,1763.49,382
2024-11-01 16:47:21,"python main_scMoMaT_time_memory.py --path1 "../../data/dataset_final_different_cell_number/D15/rna_1000.h5" --path3 "../../data/dataset_final_different_cell_number/D15/atac_1000.h5"  --save_path "../../result/time_memory/vertical integration/D15/scMoMaT/time_1000.csv"",3760576,1757.70,422
2024-11-01 16:47:59,"python main_scMoMaT_time_memory.py --path1 "../../data/dataset_final_different_cell_number/D15/rna_2000.h5" --path3 "../../data/dataset_final_different_cell_number/D15/atac_2000.h5"  --save_path "../../result/time_memory/vertical integration/D15/scMoMaT/time_2000.csv"",3762558,1880.01,504
2024-11-01 16:48:39,"python main_scMoMaT_time_memory.py --path1 "../../data/dataset_final_different_cell_number/D15/rna_3000.h5" --path3 "../../data/dataset_final_different_cell_number/D15/atac_3000.h5"  --save_path "../../result/time_memory/vertical integration/D15/scMoMaT/time_3000.csv"",3764655,2019.08,576
2024-11-01 16:49:22,"python main_scMoMaT_time_memory.py --path1 "../../data/dataset_final_different_cell_number/D15/rna_5000.h5" --path3 "../../data/dataset_final_different_cell_number/D15/atac_5000.h5"  --save_path "../../result/time_memory/vertical integration/D15/scMoMaT/time_5000.csv"",3766879,2344.08,752
2024-11-01 16:50:10,"python main_scMoMaT_time_memory.py --path1 "../../data/dataset_final_different_cell_number/D15/rna_10000.h5" --path3 "../../data/dataset_final_different_cell_number/D15/atac_10000.h5"  --save_path "../../result/time_memory/vertical integration/D15/scMoMaT/time_10000.csv"",3769301,3076.15,1128
2024-11-01 16:51:13,"python main_scMoMaT_time_memory.py --path1 "../../data/dataset_final_different_cell_number/D15/rna_20000.h5" --path3 "../../data/dataset_final_different_cell_number/D15/atac_20000.h5"  --save_path "../../result/time_memory/vertical integration/D15/scMoMaT/time_20000.csv"",3772503,5603.01,1910
2024-11-01 16:52:29,"python main_scMoMaT_time_memory.py --path1 "../../data/dataset_final_different_cell_number/D15/rna_30000.h5" --path3 "../../data/dataset_final_different_cell_number/D15/atac_30000.h5"  --save_path "../../result/time_memory/vertical integration/D15/scMoMaT/time_30000.csv"",3776298,9824.12,2702
2024-11-01 16:54:14,"python main_scMoMaT_time_memory.py --path1 "../../data/dataset_final_different_cell_number/D15/rna_50000.h5" --path3 "../../data/dataset_final_different_cell_number/D15/atac_50000.h5"  --save_path "../../result/time_memory/vertical integration/D15/scMoMaT/time_50000.csv"",3781353,21642.52,4260
2024-11-01 16:57:06,"python main_scMoMaT_time_memory.py --path1 "../../data/dataset_final_different_cell_number/D15/rna_80000.h5" --path3 "../../data/dataset_final_different_cell_number/D15/atac_80000.h5"  --save_path "../../result/time_memory/vertical integration/D15/scMoMaT/time_80000.csv"",3789410,44987.41,6610
2024-11-01 17:02:29,"python main_scMoMaT_time_memory.py --path1 "../../data/dataset_final_different_cell_number/D15/rna_100000.h5" --path3 "../../data/dataset_final_different_cell_number/D15/atac_100000.h5"  --save_path "../../result/time_memory/vertical integration/D15/scMoMaT/time_100000.csv"",3803660,69342.71,8186
