2024-11-02 11:36:24,"python main_VIMCCA_RNA_ATAC_time_memory.py --path1 "../../data/dataset_final_different_cell_number/D15/rna_500.h5" --path2 "../../data/dataset_final_different_cell_number/D15/atac_500.h5"  --save_path "../../result/time_memory/vertical integration/D15/VIMCCA/time_500.csv"",1376814,1810.29,0
2024-11-02 11:36:34,"python main_VIMCCA_RNA_ATAC_time_memory.py --path1 "../../data/dataset_final_different_cell_number/D15/rna_1000.h5" --path2 "../../data/dataset_final_different_cell_number/D15/atac_1000.h5"  --save_path "../../result/time_memory/vertical integration/D15/VIMCCA/time_1000.csv"",1377531,2123.96,0
2024-11-02 11:36:48,"python main_VIMCCA_RNA_ATAC_time_memory.py --path1 "../../data/dataset_final_different_cell_number/D15/rna_2000.h5" --path2 "../../data/dataset_final_different_cell_number/D15/atac_2000.h5"  --save_path "../../result/time_memory/vertical integration/D15/VIMCCA/time_2000.csv"",1378427,2499.93,0
2024-11-02 11:37:11,"python main_VIMCCA_RNA_ATAC_time_memory.py --path1 "../../data/dataset_final_different_cell_number/D15/rna_3000.h5" --path2 "../../data/dataset_final_different_cell_number/D15/atac_3000.h5"  --save_path "../../result/time_memory/vertical integration/D15/VIMCCA/time_3000.csv"",1379690,2574.73,0
2024-11-02 11:37:42,"python main_VIMCCA_RNA_ATAC_time_memory.py --path1 "../../data/dataset_final_different_cell_number/D15/rna_5000.h5" --path2 "../../data/dataset_final_different_cell_number/D15/atac_5000.h5"  --save_path "../../result/time_memory/vertical integration/D15/VIMCCA/time_5000.csv"",1381310,2914.25,0
2024-11-02 11:38:29,"python main_VIMCCA_RNA_ATAC_time_memory.py --path1 "../../data/dataset_final_different_cell_number/D15/rna_10000.h5" --path2 "../../data/dataset_final_different_cell_number/D15/atac_10000.h5"  --save_path "../../result/time_memory/vertical integration/D15/VIMCCA/time_10000.csv"",1383638,3313.38,0
2024-11-02 11:39:57,"python main_VIMCCA_RNA_ATAC_time_memory.py --path1 "../../data/dataset_final_different_cell_number/D15/rna_20000.h5" --path2 "../../data/dataset_final_different_cell_number/D15/atac_20000.h5"  --save_path "../../result/time_memory/vertical integration/D15/VIMCCA/time_20000.csv"",1387745,4410.82,0
2024-11-02 11:42:45,"python main_VIMCCA_RNA_ATAC_time_memory.py --path1 "../../data/dataset_final_different_cell_number/D15/rna_30000.h5" --path2 "../../data/dataset_final_different_cell_number/D15/atac_30000.h5"  --save_path "../../result/time_memory/vertical integration/D15/VIMCCA/time_30000.csv"",1395371,5607.07,0
2024-11-02 11:46:52,"python main_VIMCCA_RNA_ATAC_time_memory.py --path1 "../../data/dataset_final_different_cell_number/D15/rna_50000.h5" --path2 "../../data/dataset_final_different_cell_number/D15/atac_50000.h5"  --save_path "../../result/time_memory/vertical integration/D15/VIMCCA/time_50000.csv"",1406482,7874.08,0
2024-11-02 11:54:29,"python main_VIMCCA_RNA_ATAC_time_memory.py --path1 "../../data/dataset_final_different_cell_number/D15/rna_80000.h5" --path2 "../../data/dataset_final_different_cell_number/D15/atac_80000.h5"  --save_path "../../result/time_memory/vertical integration/D15/VIMCCA/time_80000.csv"",1429676,11146.66,0
2024-11-02 12:05:03,"python main_VIMCCA_RNA_ATAC_time_memory.py --path1 "../../data/dataset_final_different_cell_number/D15/rna_100000.h5" --path2 "../../data/dataset_final_different_cell_number/D15/atac_100000.h5"  --save_path "../../result/time_memory/vertical integration/D15/VIMCCA/time_100000.csv"",1457455,13386.50,0
