2024-11-09 03:51:58,"Rscript main_MOFA2_time_memory.Rmd '../../data/dataset_final_different_cell_number/D22/rna_500.h5' '../../data/dataset_final_different_cell_number/D22/adt_500.h5' '../../data/dataset_final_different_cell_number/D22/atac_500.h5' 1 3 '../../result/embedding/vertical integration/D22/MOFA2/time_500.csv'",3150318,2018.18, 664
2024-11-09 03:51:58,"Rscript main_MOFA2_time_memory.Rmd '../../data/dataset_final_different_cell_number/D22/rna_500.h5' '../../data/dataset_final_different_cell_number/D22/adt_500.h5' '../../data/dataset_final_different_cell_number/D22/atac_500.h5' 1 3 '../../result/embedding/vertical integration/D22/MOFA2/time_500.csv'",3150318,2518.18, 734
2024-11-09 03:52:18,"Rscript main_MOFA2_time_memory.Rmd '../../data/dataset_final_different_cell_number/D22/rna_2000.h5' '../../data/dataset_final_different_cell_number/D22/adt_2000.h5' '../../data/dataset_final_different_cell_number/D22/atac_2000.h5' 1 3 '../../result/embedding/vertical integration/D22/MOFA2/time_2000.csv'",3151785,3056.82, 844
2024-11-09 03:53:06,"Rscript main_MOFA2_time_memory.Rmd '../../data/dataset_final_different_cell_number/D22/rna_3000.h5' '../../data/dataset_final_different_cell_number/D22/adt_3000.h5' '../../data/dataset_final_different_cell_number/D22/atac_3000.h5' 1 3 '../../result/embedding/vertical integration/D22/MOFA2/time_3000.csv'",3154855,3697.90, 952
2024-11-09 03:54:05,"Rscript main_MOFA2_time_memory.Rmd '../../data/dataset_final_different_cell_number/D22/rna_5000.h5' '../../data/dataset_final_different_cell_number/D22/adt_5000.h5' '../../data/dataset_final_different_cell_number/D22/atac_5000.h5' 1 3 '../../result/embedding/vertical integration/D22/MOFA2/time_5000.csv'",3158536,4928.06, 1180
2024-11-09 03:55:22,"Rscript main_MOFA2_time_memory.Rmd '../../data/dataset_final_different_cell_number/D22/rna_10000.h5' '../../data/dataset_final_different_cell_number/D22/adt_10000.h5' '../../data/dataset_final_different_cell_number/D22/atac_10000.h5' 1 3 '../../result/embedding/vertical integration/D22/MOFA2/time_10000.csv'",3163270,8571.25, 1756
2024-11-09 03:57:49,"Rscript main_MOFA2_time_memory.Rmd '../../data/dataset_final_different_cell_number/D22/rna_20000.h5' '../../data/dataset_final_different_cell_number/D22/adt_20000.h5' '../../data/dataset_final_different_cell_number/D22/atac_20000.h5' 1 3 '../../result/embedding/vertical integration/D22/MOFA2/time_20000.csv'",3171911,15511.88, 2898
2024-11-09 04:02:57,"Rscript main_MOFA2_time_memory.Rmd '../../data/dataset_final_different_cell_number/D22/rna_30000.h5' '../../data/dataset_final_different_cell_number/D22/adt_30000.h5' '../../data/dataset_final_different_cell_number/D22/atac_30000.h5' 1 3 '../../result/embedding/vertical integration/D22/MOFA2/time_30000.csv'",3189337,21721.78, 4052
2024-11-09 04:10:32,"Rscript main_MOFA2_time_memory.Rmd '../../data/dataset_final_different_cell_number/D22/rna_50000.h5' '../../data/dataset_final_different_cell_number/D22/adt_50000.h5' '../../data/dataset_final_different_cell_number/D22/atac_50000.h5' 1 3 '../../result/embedding/vertical integration/D22/MOFA2/time_50000.csv'",3216077,33716.13, 6334
2024-11-09 04:22:40,"Rscript main_MOFA2_time_memory.Rmd '../../data/dataset_final_different_cell_number/D22/rna_80000.h5' '../../data/dataset_final_different_cell_number/D22/adt_80000.h5' '../../data/dataset_final_different_cell_number/D22/atac_80000.h5' 1 3 '../../result/embedding/vertical integration/D22/MOFA2/time_80000.csv'",3259165,53844.90, 9768
2024-11-09 04:43:04,"Rscript main_MOFA2_time_memory.Rmd '../../data/dataset_final_different_cell_number/D22/rna_100000.h5' '../../data/dataset_final_different_cell_number/D22/adt_100000.h5' '../../data/dataset_final_different_cell_number/D22/atac_100000.h5' 1 3 '../../result/embedding/vertical integration/D22/MOFA2/time_100000.csv'",3333133,65829.89, 12062
