2024-11-03 08:51:12,"python main_matilda_train_time_memory.py --rna "../../data/dataset_final_different_cell_number/D15/rna_500.h5" --atac "../../data/dataset_final_different_cell_number/D15/atac_500.h5"  --cty "../../data/dataset_final_different_cell_number/D15/cty_500.csv"  --save_path "../../result/time_memory/vertical integration/D15/Matilda/time_500.csv"",1238840,2007.24,568
2024-11-03 08:51:18,"python main_matilda_train_time_memory.py --rna "../../data/dataset_final_different_cell_number/D15/rna_1000.h5" --atac "../../data/dataset_final_different_cell_number/D15/atac_1000.h5"  --cty "../../data/dataset_final_different_cell_number/D15/cty_1000.csv" --save_path "../../result/time_memory/vertical integration/D15/Matilda/time_1000.csv"",1239157,2006.84,652
2024-11-03 08:51:25,"python main_matilda_train_time_memory.py --rna "../../data/dataset_final_different_cell_number/D15/rna_2000.h5" --atac "../../data/dataset_final_different_cell_number/D15/atac_2000.h5"  --cty "../../data/dataset_final_different_cell_number/D15/cty_2000.csv" --save_path "../../result/time_memory/vertical integration/D15/Matilda/time_2000.csv"",1239561,1978.58,872
2024-11-03 08:51:36,"python main_matilda_train_time_memory.py --rna "../../data/dataset_final_different_cell_number/D15/rna_3000.h5" --atac "../../data/dataset_final_different_cell_number/D15/atac_3000.h5"  --cty "../../data/dataset_final_different_cell_number/D15/cty_3000.csv" --save_path "../../result/time_memory/vertical integration/D15/Matilda/time_3000.csv"",1240108,2025.22,1154
2024-11-03 08:51:50,"python main_matilda_train_time_memory.py --rna "../../data/dataset_final_different_cell_number/D15/rna_5000.h5" --atac "../../data/dataset_final_different_cell_number/D15/atac_5000.h5"  --cty "../../data/dataset_final_different_cell_number/D15/cty_5000.csv" --save_path "../../result/time_memory/vertical integration/D15/Matilda/time_5000.csv"",1240818,2209.72,1750
2024-11-03 08:52:11,"python main_matilda_train_time_memory.py --rna "../../data/dataset_final_different_cell_number/D15/rna_10000.h5" --atac "../../data/dataset_final_different_cell_number/D15/atac_10000.h5"  --cty "../../data/dataset_final_different_cell_number/D15/cty_10000.csv" --save_path "../../result/time_memory/vertical integration/D15/Matilda/time_10000.csv"",1241848,2654.01,3114
2024-11-03 08:52:51,"python main_matilda_train_time_memory.py --rna "../../data/dataset_final_different_cell_number/D15/rna_20000.h5" --atac "../../data/dataset_final_different_cell_number/D15/atac_20000.h5"  --cty "../../data/dataset_final_different_cell_number/D15/cty_20000.csv" --save_path "../../result/time_memory/vertical integration/D15/Matilda/time_20000.csv"",1243691,3570.91,5814
2024-11-03 08:54:04,"python main_matilda_train_time_memory.py --rna "../../data/dataset_final_different_cell_number/D15/rna_30000.h5" --atac "../../data/dataset_final_different_cell_number/D15/atac_30000.h5"  --cty "../../data/dataset_final_different_cell_number/D15/cty_30000.csv" --save_path "../../result/time_memory/vertical integration/D15/Matilda/time_30000.csv"",1246946,4504.44,8536
2024-11-03 08:55:51,"python main_matilda_train_time_memory.py --rna "../../data/dataset_final_different_cell_number/D15/rna_50000.h5" --atac "../../data/dataset_final_different_cell_number/D15/atac_50000.h5"  --cty "../../data/dataset_final_different_cell_number/D15/cty_50000.csv" --save_path "../../result/time_memory/vertical integration/D15/Matilda/time_50000.csv"",1251707,6362.50,13938
2024-11-03 08:58:49,"python main_matilda_train_time_memory.py --rna "../../data/dataset_final_different_cell_number/D15/rna_80000.h5" --atac "../../data/dataset_final_different_cell_number/D15/atac_80000.h5"  --cty "../../data/dataset_final_different_cell_number/D15/cty_80000.csv" --save_path "../../result/time_memory/vertical integration/D15/Matilda/time_80000.csv"",1259678,9117.30,22068
2024-11-03 09:03:29,"python main_matilda_train_time_memory.py --rna "../../data/dataset_final_different_cell_number/D15/rna_100000.h5" --atac "../../data/dataset_final_different_cell_number/D15/atac_100000.h5"  --cty "../../data/dataset_final_different_cell_number/D15/cty_100000.csv" --save_path "../../result/time_memory/vertical integration/D15/Matilda/time_100000.csv"",1272270,10969.08,23338
