2024-11-01 16:19:01,"python main_Multigrate_paired_integration_time_memory.py --path1 "../../data/dataset_final_different_cell_number/D15/rna_500.h5" --path3 "../../data/dataset_final_different_cell_number/D15/atac_500.h5"  --save_path "../../result/time_memory/vertical integration/D15/Multigrate/time_500.csv"",3678122,2033.61,486
2024-11-01 16:19:17,"python main_Multigrate_paired_integration_time_memory.py --path1 "../../data/dataset_final_different_cell_number/D15/rna_1000.h5" --path3 "../../data/dataset_final_different_cell_number/D15/atac_1000.h5"  --save_path "../../result/time_memory/vertical integration/D15/Multigrate/time_1000.csv"",3679033,2122.61,480
2024-11-01 16:19:39,"python main_Multigrate_paired_integration_time_memory.py --path1 "../../data/dataset_final_different_cell_number/D15/rna_2000.h5" --path3 "../../data/dataset_final_different_cell_number/D15/atac_2000.h5"  --save_path "../../result/time_memory/vertical integration/D15/Multigrate/time_2000.csv"",3680266,2290.97,480
2024-11-01 16:20:11,"python main_Multigrate_paired_integration_time_memory.py --path1 "../../data/dataset_final_different_cell_number/D15/rna_3000.h5" --path3 "../../data/dataset_final_different_cell_number/D15/atac_3000.h5"  --save_path "../../result/time_memory/vertical integration/D15/Multigrate/time_3000.csv"",3682011,2432.61,486
2024-11-01 16:20:53,"python main_Multigrate_paired_integration_time_memory.py --path1 "../../data/dataset_final_different_cell_number/D15/rna_5000.h5" --path3 "../../data/dataset_final_different_cell_number/D15/atac_5000.h5"  --save_path "../../result/time_memory/vertical integration/D15/Multigrate/time_5000.csv"",3684159,2731.57,480
2024-11-01 16:21:55,"python main_Multigrate_paired_integration_time_memory.py --path1 "../../data/dataset_final_different_cell_number/D15/rna_10000.h5" --path3 "../../data/dataset_final_different_cell_number/D15/atac_10000.h5"  --save_path "../../result/time_memory/vertical integration/D15/Multigrate/time_10000.csv"",3687182,3499.04,494
2024-11-01 16:24:00,"python main_Multigrate_paired_integration_time_memory.py --path1 "../../data/dataset_final_different_cell_number/D15/rna_20000.h5" --path3 "../../data/dataset_final_different_cell_number/D15/atac_20000.h5"  --save_path "../../result/time_memory/vertical integration/D15/Multigrate/time_20000.csv"",3693199,5440.71,480
2024-11-01 16:27:35,"python main_Multigrate_paired_integration_time_memory.py --path1 "../../data/dataset_final_different_cell_number/D15/rna_30000.h5" --path3 "../../data/dataset_final_different_cell_number/D15/atac_30000.h5"  --save_path "../../result/time_memory/vertical integration/D15/Multigrate/time_30000.csv"",3703386,7735.51,480
2024-11-01 16:32:50,"python main_Multigrate_paired_integration_time_memory.py --path1 "../../data/dataset_final_different_cell_number/D15/rna_50000.h5" --path3 "../../data/dataset_final_different_cell_number/D15/atac_50000.h5"  --save_path "../../result/time_memory/vertical integration/D15/Multigrate/time_50000.csv"",3718208,12317.25,480
2024-11-01 16:39:55,"python main_Multigrate_paired_integration_time_memory.py --path1 "../../data/dataset_final_different_cell_number/D15/rna_80000.h5" --path3 "../../data/dataset_final_different_cell_number/D15/atac_80000.h5"  --save_path "../../result/time_memory/vertical integration/D15/Multigrate/time_80000.csv"",3738241,19193.82,480
2024-11-02 12:54:17,"python main_Multigrate_paired_integration_time_memory.py --path1 "../../data/dataset_final_different_cell_number/D15/rna_100000.h5" --path3 "../../data/dataset_final_different_cell_number/D15/atac_100000.h5"  --save_path "../../result/time_memory/vertical integration/D15/Multigrate/time_100000.csv"  --lr 1e-5",1565911,23775.87,480
