Timestamp,Script,PID,CPU Peak Memory (MB),GPU Peak Memory (MiB)
2024-11-22 07:23:48,"Rscript main_MOFA2_time_memory.Rmd '../../data/dataset_final_different_cell_number/D58/atac1_500.h5' '../../data/dataset_final_different_cell_number/D58/atac2_500.h5' '../../data/dataset_final_different_cell_number/D58/adt1_500.h5' '../../data/dataset_final_different_cell_number/D58/adt2_500.h5' 2 2 '../../result/embedding/cross integration/D58/MOFA2/time_500.csv'",1926700,1878.55,654
2024-11-22 07:24:29,"Rscript main_MOFA2_time_memory.Rmd '../../data/dataset_final_different_cell_number/D58/atac1_1000.h5' '../../data/dataset_final_different_cell_number/D58/atac2_1000.h5' '../../data/dataset_final_different_cell_number/D58/adt1_1000.h5' '../../data/dataset_final_different_cell_number/D58/adt2_1000.h5' 2 2 '../../result/embedding/cross integration/D58/MOFA2/time_1000.csv'",1928392,2037.35,704
2024-11-22 07:25:25,"Rscript main_MOFA2_time_memory.Rmd '../../data/dataset_final_different_cell_number/D58/atac1_2000.h5' '../../data/dataset_final_different_cell_number/D58/atac2_2000.h5' '../../data/dataset_final_different_cell_number/D58/adt1_2000.h5' '../../data/dataset_final_different_cell_number/D58/adt2_2000.h5' 2 2 '../../result/embedding/cross integration/D58/MOFA2/time_2000.csv'",1930199,2366.18,804
2024-11-22 07:25:56,"Rscript main_MOFA2_time_memory.Rmd '../../data/dataset_final_different_cell_number/D58/atac1_3000.h5' '../../data/dataset_final_different_cell_number/D58/atac2_3000.h5' '../../data/dataset_final_different_cell_number/D58/adt1_3000.h5' '../../data/dataset_final_different_cell_number/D58/adt2_3000.h5' 2 2 '../../result/embedding/cross integration/D58/MOFA2/time_3000.csv'",1931766,2745.87,894
2024-11-22 07:26:39,"Rscript main_MOFA2_time_memory.Rmd '../../data/dataset_final_different_cell_number/D58/atac1_5000.h5' '../../data/dataset_final_different_cell_number/D58/atac2_5000.h5' '../../data/dataset_final_different_cell_number/D58/adt1_5000.h5' '../../data/dataset_final_different_cell_number/D58/adt2_5000.h5' 2 2 '../../result/embedding/cross integration/D58/MOFA2/time_5000.csv'",1933891,3543.30,1084
2024-11-22 07:41:04,"Rscript main_MOFA2_time_memory.Rmd '../../data/dataset_final_different_cell_number/D58/atac1_10000.h5' '../../data/dataset_final_different_cell_number/D58/atac2_10000.h5' '../../data/dataset_final_different_cell_number/D58/adt1_10000.h5' '../../data/dataset_final_different_cell_number/D58/adt2_10000.h5' 2 2 '../../result/embedding/cross integration/D58/MOFA2/time_10000.csv'",1950360,5544.61,1564
2024-11-22 07:45:21,"Rscript main_MOFA2_time_memory.Rmd '../../data/dataset_final_different_cell_number/D58/atac1_20000.h5' '../../data/dataset_final_different_cell_number/D58/atac2_20000.h5' '../../data/dataset_final_different_cell_number/D58/adt1_20000.h5' '../../data/dataset_final_different_cell_number/D58/adt2_20000.h5' 2 2 '../../result/embedding/cross integration/D58/MOFA2/time_20000.csv'",1958911,8928.88,2516
2024-11-22 08:08:08,"Rscript main_MOFA2_time_memory.Rmd '../../data/dataset_final_different_cell_number/D58/atac1_30000.h5' '../../data/dataset_final_different_cell_number/D58/atac2_30000.h5' '../../data/dataset_final_different_cell_number/D58/adt1_30000.h5' '../../data/dataset_final_different_cell_number/D58/adt2_30000.h5' 2 2 '../../result/embedding/cross integration/D58/MOFA2/time_30000.csv'",1989980,13031.23,3478
2024-11-22 08:25:53,"Rscript main_MOFA2_time_memory.Rmd '../../data/dataset_final_different_cell_number/D58/atac1_50000.h5' '../../data/dataset_final_different_cell_number/D58/atac2_50000.h5' '../../data/dataset_final_different_cell_number/D58/adt1_50000.h5' '../../data/dataset_final_different_cell_number/D58/adt2_50000.h5' 2 2 '../../result/embedding/cross integration/D58/MOFA2/time_50000.csv'",2016961,19315.72,5380
2024-11-22 08:49:31,"Rscript main_MOFA2_time_memory.Rmd '../../data/dataset_final_different_cell_number/D58/atac1_80000.h5' '../../data/dataset_final_different_cell_number/D58/atac2_80000.h5' '../../data/dataset_final_different_cell_number/D58/adt1_80000.h5' '../../data/dataset_final_different_cell_number/D58/adt2_80000.h5' 2 2 '../../result/embedding/cross integration/D58/MOFA2/time_80000.csv'",2053345,30875.85,8242
2024-11-22 09:54:23,"Rscript main_MOFA2_time_memory.Rmd '../../data/dataset_final_different_cell_number/D58/atac1_100000.h5' '../../data/dataset_final_different_cell_number/D58/atac2_100000.h5' '../../data/dataset_final_different_cell_number/D58/adt1_100000.h5' '../../data/dataset_final_different_cell_number/D58/adt2_100000.h5' 2 2 '../../result/embedding/cross integration/D58/MOFA2/time_100000.csv'",2144019,36978.31,10154
2024-11-22 10:52:48,"Rscript main_MOFA2_time_memory.Rmd '../../data/dataset_final_different_cell_number/D59/rna1_500.h5' '../../data/dataset_final_different_cell_number/D59/rna2_500.h5' '../../data/dataset_final_different_cell_number/D59/atac1_500.h5' '../../data/dataset_final_different_cell_number/D59/atac2_500.h5' '../../data/dataset_final_different_cell_number/D59/adt1_500.h5' '../../data/dataset_final_different_cell_number/D59/adt2_500.h5' 2 3 '../../result/embedding/cross integration/D59/MOFA2/time_500.csv'",2230179,2403.28,724
2024-11-22 10:59:09,"Rscript main_MOFA2_time_memory.Rmd '../../data/dataset_final_different_cell_number/D59/rna1_1000.h5' '../../data/dataset_final_different_cell_number/D59/rna2_1000.h5' '../../data/dataset_final_different_cell_number/D59/atac1_1000.h5' '../../data/dataset_final_different_cell_number/D59/atac2_1000.h5' '../../data/dataset_final_different_cell_number/D59/adt1_1000.h5' '../../data/dataset_final_different_cell_number/D59/adt2_1000.h5' 2 3 '../../result/embedding/cross integration/D59/MOFA2/time_1000.csv'",2238206,3013.98,844
2024-11-22 11:08:17,"Rscript main_MOFA2_time_memory.Rmd '../../data/dataset_final_different_cell_number/D59/rna1_2000.h5' '../../data/dataset_final_different_cell_number/D59/rna2_2000.h5' '../../data/dataset_final_different_cell_number/D59/atac1_2000.h5' '../../data/dataset_final_different_cell_number/D59/atac2_2000.h5' '../../data/dataset_final_different_cell_number/D59/adt1_2000.h5' '../../data/dataset_final_different_cell_number/D59/adt2_2000.h5' 2 3 '../../result/embedding/cross integration/D59/MOFA2/time_2000.csv'",2250404,4271.30,1074
2024-11-22 11:26:19,"Rscript main_MOFA2_time_memory.Rmd '../../data/dataset_final_different_cell_number/D59/rna1_3000.h5' '../../data/dataset_final_different_cell_number/D59/rna2_3000.h5' '../../data/dataset_final_different_cell_number/D59/atac1_3000.h5' '../../data/dataset_final_different_cell_number/D59/atac2_3000.h5' '../../data/dataset_final_different_cell_number/D59/adt1_3000.h5' '../../data/dataset_final_different_cell_number/D59/adt2_3000.h5' 2 3 '../../result/embedding/cross integration/D59/MOFA2/time_3000.csv'",2273907,5588.73,1304
2024-11-22 11:33:30,"Rscript main_MOFA2_time_memory.Rmd '../../data/dataset_final_different_cell_number/D59/rna1_5000.h5' '../../data/dataset_final_different_cell_number/D59/rna2_5000.h5' '../../data/dataset_final_different_cell_number/D59/atac1_5000.h5' '../../data/dataset_final_different_cell_number/D59/atac2_5000.h5' '../../data/dataset_final_different_cell_number/D59/adt1_5000.h5' '../../data/dataset_final_different_cell_number/D59/adt2_5000.h5' 2 3 '../../result/embedding/cross integration/D59/MOFA2/time_5000.csv'",2283902,7951.98,1764
2024-11-22 11:56:23,"Rscript main_MOFA2_time_memory.Rmd '../../data/dataset_final_different_cell_number/D59/rna1_10000.h5' '../../data/dataset_final_different_cell_number/D59/rna2_10000.h5' '../../data/dataset_final_different_cell_number/D59/atac1_10000.h5' '../../data/dataset_final_different_cell_number/D59/atac2_10000.h5' '../../data/dataset_final_different_cell_number/D59/adt1_10000.h5' '../../data/dataset_final_different_cell_number/D59/adt2_10000.h5' 2 3 '../../result/embedding/cross integration/D59/MOFA2/time_10000.csv'",2312778,14185.25,2924
2024-11-22 12:13:31,"Rscript main_MOFA2_time_memory.Rmd '../../data/dataset_final_different_cell_number/D59/rna1_20000.h5' '../../data/dataset_final_different_cell_number/D59/rna2_20000.h5' '../../data/dataset_final_different_cell_number/D59/atac1_20000.h5' '../../data/dataset_final_different_cell_number/D59/atac2_20000.h5' '../../data/dataset_final_different_cell_number/D59/adt1_20000.h5' '../../data/dataset_final_different_cell_number/D59/adt2_20000.h5' 2 3 '../../result/embedding/cross integration/D59/MOFA2/time_20000.csv'",2339816,26516.22,5246
2024-11-22 12:21:25,"Rscript main_MOFA2_time_memory.Rmd '../../data/dataset_final_different_cell_number/D59/rna1_30000.h5' '../../data/dataset_final_different_cell_number/D59/rna2_30000.h5' '../../data/dataset_final_different_cell_number/D59/atac1_30000.h5' '../../data/dataset_final_different_cell_number/D59/atac2_30000.h5' '../../data/dataset_final_different_cell_number/D59/adt1_30000.h5' '../../data/dataset_final_different_cell_number/D59/adt2_30000.h5' 2 3 '../../result/embedding/cross integration/D59/MOFA2/time_30000.csv'",2359536,40394.66,7568
2024-11-22 12:40:05,"Rscript main_MOFA2_time_memory.Rmd '../../data/dataset_final_different_cell_number/D59/rna1_50000.h5' '../../data/dataset_final_different_cell_number/D59/rna2_50000.h5' '../../data/dataset_final_different_cell_number/D59/atac1_50000.h5' '../../data/dataset_final_different_cell_number/D59/atac2_50000.h5' '../../data/dataset_final_different_cell_number/D59/adt1_50000.h5' '../../data/dataset_final_different_cell_number/D59/adt2_50000.h5' 2 3 '../../result/embedding/cross integration/D59/MOFA2/time_50000.csv'",2402125,66250.22,12200
2024-11-22 13:08:13,"Rscript main_MOFA2_time_memory.Rmd  '../../data/dataset_final_different_cell_number/D59/rna1_80000.h5' '../../data/dataset_final_different_cell_number/D59/rna2_80000.h5' '../../data/dataset_final_different_cell_number/D59/atac1_80000.h5' '../../data/dataset_final_different_cell_number/D59/atac2_80000.h5' '../../data/dataset_final_different_cell_number/D59/adt1_80000.h5' '../../data/dataset_final_different_cell_number/D59/adt2_80000.h5' 2 3 '../../result/embedding/cross integration/D59/MOFA2/time_80000.csv'",2469542,101336.65,19152
2024-11-22 13:55:05,"Rscript main_MOFA2_time_memory.Rmd '../../data/dataset_final_different_cell_number/D59/rna1_100000.h5' '../../data/dataset_final_different_cell_number/D59/rna2_100000.h5' '../../data/dataset_final_different_cell_number/D59/atac1_100000.h5' '../../data/dataset_final_different_cell_number/D59/atac2_100000.h5' '../../data/dataset_final_different_cell_number/D59/adt1_100000.h5' '../../data/dataset_final_different_cell_number/D59/adt2_100000.h5' 2 3 '../../result/embedding/cross integration/D59/MOFA2/time_100000.csv'",2574367,92088.36,19158
