Timestamp,Script,PID,CPU Peak Memory (MB),GPU Peak Memory (MiB)
2024-11-09 01:05:32,"Rscript main_MOFA2_time_memory.Rmd  '../../data/dataset_final_different_cell_number/D7/rna_500.h5' '../../data/dataset_final_different_cell_number/D7/adt_500.h5' 1 2 '../../result/time_memory/vertical integration/D7/MOFA2/time_500.csv'",2564829,2198.32, 724
2024-11-09 01:05:50,"Rscript main_MOFA2_time_memory.Rmd  '../../data/dataset_final_different_cell_number/D7/rna_1000.h5' '../../data/dataset_final_different_cell_number/D7/adt_1000.h5' 1 2 '../../result/time_memory/vertical integration/D7/MOFA2/time_1000.csv'",2566276,2577.70, 844
2024-11-09 01:06:17,"Rscript main_MOFA2_time_memory.Rmd  '../../data/dataset_final_different_cell_number/D7/rna_2000.h5' '../../data/dataset_final_different_cell_number/D7/adt_2000.h5' 1 2 '../../result/time_memory/vertical integration/D7/MOFA2/time_2000.csv'",2568250,3687.08, 1084
2024-11-09 01:07:02,"Rscript main_MOFA2_time_memory.Rmd  '../../data/dataset_final_different_cell_number/D7/rna_3000.h5' '../../data/dataset_final_different_cell_number/D7/adt_3000.h5' 1 2 '../../result/time_memory/vertical integration/D7/MOFA2/time_3000.csv'",2571338,4527.93, 1314
2024-11-09 01:08:11,"Rscript main_MOFA2_time_memory.Rmd  '../../data/dataset_final_different_cell_number/D7/rna_5000.h5' '../../data/dataset_final_different_cell_number/D7/adt_5000.h5' 1 2 '../../result/time_memory/vertical integration/D7/MOFA2/time_5000.csv'",2575746,6094.02, 1784
2024-11-09 01:09:32,"Rscript main_MOFA2_time_memory.Rmd  '../../data/dataset_final_different_cell_number/D7/rna_10000.h5' '../../data/dataset_final_different_cell_number/D7/adt_10000.h5' 1 2 '../../result/time_memory/vertical integration/D7/MOFA2/time_10000.csv'",2580741,10550.69, 2964
2024-11-09 01:12:19,"Rscript main_MOFA2_time_memory.Rmd  '../../data/dataset_final_different_cell_number/D7/rna_20000.h5' '../../data/dataset_final_different_cell_number/D7/adt_20000.h5' 1 2 '../../result/time_memory/vertical integration/D7/MOFA2/time_20000.csv'",2590760,19467.92, 5316
2024-11-09 01:17:47,"Rscript main_MOFA2_time_memory.Rmd  '../../data/dataset_final_different_cell_number/D7/rna_30000.h5' '../../data/dataset_final_different_cell_number/D7/adt_30000.h5' 1 2 '../../result/time_memory/vertical integration/D7/MOFA2/time_30000.csv'",2610205,29358.98, 7668
2024-11-09 01:25:32,"Rscript main_MOFA2_time_memory.Rmd  '../../data/dataset_final_different_cell_number/D7/rna_50000.h5' '../../data/dataset_final_different_cell_number/D7/adt_50000.h5' 1 2 '../../result/time_memory/vertical integration/D7/MOFA2/time_50000.csv'",2638188,49571.97, 12370
2024-11-09 01:38:59,"Rscript main_MOFA2_time_memory.Rmd  '../../data/dataset_final_different_cell_number/D7/rna_80000.h5' '../../data/dataset_final_different_cell_number/D7/adt_80000.h5' 1 2 '../../result/time_memory/vertical integration/D7/MOFA2/time_80000.csv'",2687007,73599.28, 19422
2024-11-09 02:00:53,"Rscript main_MOFA2_time_memory.Rmd  '../../data/dataset_final_different_cell_number/D7/rna_100000.h5' '../../data/dataset_final_different_cell_number/D7/adt_100000.h5' 1 2 '../../result/time_memory/vertical integration/D7/MOFA2/time_100000.csv'",2767130,73714.46, 19422
2024-11-09 02:04:05,"Rscript main_MOFA2_time_memory.Rmd  '../../data/dataset_final_different_cell_number/D15/rna_500.h5' '../../data/dataset_final_different_cell_number/D15/atac_500.h5' 1 2 '../../result/time_memory/vertical integration/D15/MOFA2/time_500.csv'",2779011,2021.24, 664
2024-11-09 02:04:31,"Rscript main_MOFA2_time_memory.Rmd  '../../data/dataset_final_different_cell_number/D15/rna_1000.h5' '../../data/dataset_final_different_cell_number/D15/atac_1000.h5' 1 2 '../../result/time_memory/vertical integration/D15/MOFA2/time_1000.csv'",2780811,2368.85, 724
2024-11-09 02:05:06,"Rscript main_MOFA2_time_memory.Rmd  '../../data/dataset_final_different_cell_number/D15/rna_2000.h5' '../../data/dataset_final_different_cell_number/D15/atac_2000.h5' 1 2 '../../result/time_memory/vertical integration/D15/MOFA2/time_2000.csv'",2783124,3025.12, 844
2024-11-09 02:06:22,"Rscript main_MOFA2_time_memory.Rmd  '../../data/dataset_final_different_cell_number/D15/rna_3000.h5' '../../data/dataset_final_different_cell_number/D15/atac_3000.h5' 1 2 '../../result/time_memory/vertical integration/D15/MOFA2/time_3000.csv'",2787705,3721.67, 952
2024-11-09 02:07:30,"Rscript main_MOFA2_time_memory.Rmd  '../../data/dataset_final_different_cell_number/D15/rna_5000.h5' '../../data/dataset_final_different_cell_number/D15/atac_5000.h5' 1 2 '../../result/time_memory/vertical integration/D15/MOFA2/time_5000.csv'",2791881,5132.37, 1180
2024-11-09 02:09:17,"Rscript main_MOFA2_time_memory.Rmd  '../../data/dataset_final_different_cell_number/D15/rna_10000.h5' '../../data/dataset_final_different_cell_number/D15/atac_10000.h5' 1 2 '../../result/time_memory/vertical integration/D15/MOFA2/time_10000.csv'",2798208,8029.06, 1756
2024-11-09 02:12:32,"Rscript main_MOFA2_time_memory.Rmd  '../../data/dataset_final_different_cell_number/D15/rna_20000.h5' '../../data/dataset_final_different_cell_number/D15/atac_20000.h5' 1 2 '../../result/time_memory/vertical integration/D15/MOFA2/time_20000.csv'",2809378,14427.78, 2898
2024-11-09 02:25:23,"Rscript main_MOFA2_time_memory.Rmd  '../../data/dataset_final_different_cell_number/D15/rna_30000.h5' '../../data/dataset_final_different_cell_number/D15/atac_30000.h5' 1 2 '../../result/time_memory/vertical integration/D15/MOFA2/time_30000.csv'",2847280,21306.96, 4052
2024-11-09 02:38:54,"Rscript main_MOFA2_time_memory.Rmd  '../../data/dataset_final_different_cell_number/D15/rna_50000.h5' '../../data/dataset_final_different_cell_number/D15/atac_50000.h5' 1 2 '../../result/time_memory/vertical integration/D15/MOFA2/time_50000.csv'",2893070,33089.05, 6334
2024-11-09 02:54:29,"Rscript main_MOFA2_time_memory.Rmd  '../../data/dataset_final_different_cell_number/D15/rna_80000.h5' '../../data/dataset_final_different_cell_number/D15/atac_80000.h5' 1 2 '../../result/time_memory/vertical integration/D15/MOFA2/time_80000.csv'",2946556,52829.01, 9768
2024-11-09 03:20:37,"Rscript main_MOFA2_time_memory.Rmd  '../../data/dataset_final_different_cell_number/D15/rna_100000.h5' '../../data/dataset_final_different_cell_number/D15/atac_100000.h5' 1 2 '../../result/time_memory/vertical integration/D15/MOFA2/time_100000.csv'",3039772,64538.12, 12062
2024-11-09 03:51:58,"Rscript main_MOFA2_time_memory.Rmd '../../data/dataset_final_different_cell_number/D22/rna_500.h5' '../../data/dataset_final_different_cell_number/D22/adt_500.h5' '../../data/dataset_final_different_cell_number/D22/atac_500.h5' 1 3 '../../result/embedding/vertical integration/D22/MOFA2/time_500.csv'",3150318,2018.18, 664
2024-11-09 03:52:18,"Rscript main_MOFA2_time_memory.Rmd '../../data/dataset_final_different_cell_number/D22/rna_2000.h5' '../../data/dataset_final_different_cell_number/D22/adt_2000.h5' '../../data/dataset_final_different_cell_number/D22/atac_2000.h5' 1 3 '../../result/embedding/vertical integration/D22/MOFA2/time_2000.csv'",3151785,3056.82, 844
2024-11-09 03:53:06,"Rscript main_MOFA2_time_memory.Rmd '../../data/dataset_final_different_cell_number/D22/rna_3000.h5' '../../data/dataset_final_different_cell_number/D22/adt_3000.h5' '../../data/dataset_final_different_cell_number/D22/atac_3000.h5' 1 3 '../../result/embedding/vertical integration/D22/MOFA2/time_3000.csv'",3154855,3697.90, 952
2024-11-09 03:54:05,"Rscript main_MOFA2_time_memory.Rmd '../../data/dataset_final_different_cell_number/D22/rna_5000.h5' '../../data/dataset_final_different_cell_number/D22/adt_5000.h5' '../../data/dataset_final_different_cell_number/D22/atac_5000.h5' 1 3 '../../result/embedding/vertical integration/D22/MOFA2/time_5000.csv'",3158536,4928.06, 1180
2024-11-09 03:55:22,"Rscript main_MOFA2_time_memory.Rmd '../../data/dataset_final_different_cell_number/D22/rna_10000.h5' '../../data/dataset_final_different_cell_number/D22/adt_10000.h5' '../../data/dataset_final_different_cell_number/D22/atac_10000.h5' 1 3 '../../result/embedding/vertical integration/D22/MOFA2/time_10000.csv'",3163270,8571.25, 1756
2024-11-09 03:57:49,"Rscript main_MOFA2_time_memory.Rmd '../../data/dataset_final_different_cell_number/D22/rna_20000.h5' '../../data/dataset_final_different_cell_number/D22/adt_20000.h5' '../../data/dataset_final_different_cell_number/D22/atac_20000.h5' 1 3 '../../result/embedding/vertical integration/D22/MOFA2/time_20000.csv'",3171911,15511.88, 2898
2024-11-09 04:02:57,"Rscript main_MOFA2_time_memory.Rmd '../../data/dataset_final_different_cell_number/D22/rna_30000.h5' '../../data/dataset_final_different_cell_number/D22/adt_30000.h5' '../../data/dataset_final_different_cell_number/D22/atac_30000.h5' 1 3 '../../result/embedding/vertical integration/D22/MOFA2/time_30000.csv'",3189337,21721.78, 4052
2024-11-09 04:10:32,"Rscript main_MOFA2_time_memory.Rmd '../../data/dataset_final_different_cell_number/D22/rna_50000.h5' '../../data/dataset_final_different_cell_number/D22/adt_50000.h5' '../../data/dataset_final_different_cell_number/D22/atac_50000.h5' 1 3 '../../result/embedding/vertical integration/D22/MOFA2/time_50000.csv'",3216077,33716.13, 6334
2024-11-09 04:22:40,"Rscript main_MOFA2_time_memory.Rmd '../../data/dataset_final_different_cell_number/D22/rna_80000.h5' '../../data/dataset_final_different_cell_number/D22/adt_80000.h5' '../../data/dataset_final_different_cell_number/D22/atac_80000.h5' 1 3 '../../result/embedding/vertical integration/D22/MOFA2/time_80000.csv'",3259165,53844.90, 9768
2024-11-09 04:43:04,"Rscript main_MOFA2_time_memory.Rmd '../../data/dataset_final_different_cell_number/D22/rna_100000.h5' '../../data/dataset_final_different_cell_number/D22/adt_100000.h5' '../../data/dataset_final_different_cell_number/D22/atac_100000.h5' 1 3 '../../result/embedding/vertical integration/D22/MOFA2/time_100000.csv'",3333133,65829.89, 12062
2024-11-09 05:05:54,"Rscript main_MOFA2_time_memory.Rmd '../../data/dataset_final_different_cell_number/D53/rna1_500.h5' '../../data/dataset_final_different_cell_number/D53/rna2_500.h5' '../../data/dataset_final_different_cell_number/D53/adt1_500.h5' '../../data/dataset_final_different_cell_number/D53/adt2_500.h5' 2 2 '../../result/embedding/cross integration/D53/MOFA2/time_500.csv'",3414107,2144.16, 714
2024-11-09 05:06:11,"Rscript main_MOFA2_time_memory.Rmd '../../data/dataset_final_different_cell_number/D53/rna1_2000.h5' '../../data/dataset_final_different_cell_number/D53/rna2_2000.h5' '../../data/dataset_final_different_cell_number/D53/adt1_2000.h5' '../../data/dataset_final_different_cell_number/D53/adt2_2000.h5' 2 2 '../../result/embedding/cross integration/D53/MOFA2/time_2000.csv'",3415440,3378.63, 1044
2024-11-09 05:06:54,"Rscript main_MOFA2_time_memory.Rmd '../../data/dataset_final_different_cell_number/D53/rna1_3000.h5' '../../data/dataset_final_different_cell_number/D53/rna2_3000.h5' '../../data/dataset_final_different_cell_number/D53/adt1_3000.h5' '../../data/dataset_final_different_cell_number/D53/adt2_3000.h5' 2 2 '../../result/embedding/cross integration/D53/MOFA2/time_3000.csv'",3418276,4555.21, 1264
2024-11-09 05:07:44,"Rscript main_MOFA2_time_memory.Rmd '../../data/dataset_final_different_cell_number/D53/rna1_5000.h5' '../../data/dataset_final_different_cell_number/D53/rna2_5000.h5' '../../data/dataset_final_different_cell_number/D53/adt1_5000.h5' '../../data/dataset_final_different_cell_number/D53/adt2_5000.h5' 2 2 '../../result/embedding/cross integration/D53/MOFA2/time_5000.csv'",3421499,5594.35, 1694
2024-11-09 05:08:53,"Rscript main_MOFA2_time_memory.Rmd '../../data/dataset_final_different_cell_number/D53/rna1_10000.h5' '../../data/dataset_final_different_cell_number/D53/rna2_10000.h5' '../../data/dataset_final_different_cell_number/D53/adt1_10000.h5' '../../data/dataset_final_different_cell_number/D53/adt2_10000.h5' 2 2 '../../result/embedding/cross integration/D53/MOFA2/time_10000.csv'",3425801,9535.96, 2784
2024-11-09 05:11:00,"Rscript main_MOFA2_time_memory.Rmd '../../data/dataset_final_different_cell_number/D53/rna1_20000.h5' '../../data/dataset_final_different_cell_number/D53/rna2_20000.h5' '../../data/dataset_final_different_cell_number/D53/adt1_20000.h5' '../../data/dataset_final_different_cell_number/D53/adt2_20000.h5' 2 2 '../../result/embedding/cross integration/D53/MOFA2/time_20000.csv'",3433747,17437.36, 4956
2024-11-09 05:15:31,"Rscript main_MOFA2_time_memory.Rmd '../../data/dataset_final_different_cell_number/D53/rna1_30000.h5' '../../data/dataset_final_different_cell_number/D53/rna2_30000.h5' '../../data/dataset_final_different_cell_number/D53/adt1_30000.h5' '../../data/dataset_final_different_cell_number/D53/adt2_30000.h5' 2 2 '../../result/embedding/cross integration/D53/MOFA2/time_30000.csv'",3450744,26320.94, 7128
2024-11-09 05:22:03,"Rscript main_MOFA2_time_memory.Rmd '../../data/dataset_final_different_cell_number/D53/rna1_50000.h5' '../../data/dataset_final_different_cell_number/D53/rna2_50000.h5' '../../data/dataset_final_different_cell_number/D53/adt1_50000.h5' '../../data/dataset_final_different_cell_number/D53/adt2_50000.h5' 2 2 '../../result/embedding/cross integration/D53/MOFA2/time_50000.csv'",3475743,44096.45, 11480
2024-11-09 05:32:25,"Rscript main_MOFA2_time_memory.Rmd '../../data/dataset_final_different_cell_number/D53/rna1_80000.h5' '../../data/dataset_final_different_cell_number/D53/rna2_80000.h5' '../../data/dataset_final_different_cell_number/D53/adt1_80000.h5' '../../data/dataset_final_different_cell_number/D53/adt2_80000.h5' 2 2 '../../result/embedding/cross integration/D53/MOFA2/time_80000.csv'",3515326,64766.27, 18002
2024-11-09 05:47:55,"Rscript main_MOFA2_time_memory.Rmd '../../data/dataset_final_different_cell_number/D53/rna1_100000.h5' '../../data/dataset_final_different_cell_number/D53/rna2_100000.h5' '../../data/dataset_final_different_cell_number/D53/adt1_100000.h5' '../../data/dataset_final_different_cell_number/D53/adt2_100000.h5' 2 2 '../../result/embedding/cross integration/D53/MOFA2/time_100000.csv'",3574986,87298.67, 22354
2024-11-09 18:14:38,"Rscript main_MOFA2_time_memory.Rmd '../../data/dataset_final_different_cell_number/D56/rna1_500.h5' '../../data/dataset_final_different_cell_number/D56/rna2_500.h5' '../../data/dataset_final_different_cell_number/D56/rna3_500.h5' '../../data/dataset_final_different_cell_number/D56/rna4_500.h5' '../../data/dataset_final_different_cell_number/D56/rna5_500.h5' '../../data/dataset_final_different_cell_number/D56/rna6_500.h5' '../../data/dataset_final_different_cell_number/D56/rna7_500.h5' '../../data/dataset_final_different_cell_number/D56/rna8_500.h5' '../../data/dataset_final_different_cell_number/D56/rna9_500.h5' '../../data/dataset_final_different_cell_number/D56/rna10_500.h5' '../../data/dataset_final_different_cell_number/D56/rna11_500.h5' '../../data/dataset_final_different_cell_number/D56/rna12_500.h5' '../../data/dataset_final_different_cell_number/D56/rna13_500.h5' '../../data/dataset_final_different_cell_number/D56/atac1_500.h5' '../../data/dataset_final_different_cell_number/D56/atac2_500.h5' '../../data/dataset_final_different_cell_number/D56/atac3_500.h5' '../../data/dataset_final_different_cell_number/D56/atac4_500.h5' '../../data/dataset_final_different_cell_number/D56/atac5_500.h5' '../../data/dataset_final_different_cell_number/D56/atac6_500.h5' '../../data/dataset_final_different_cell_number/D56/atac7_500.h5' '../../data/dataset_final_different_cell_number/D56/atac8_500.h5' '../../data/dataset_final_different_cell_number/D56/atac9_500.h5' '../../data/dataset_final_different_cell_number/D56/atac10_500.h5' '../../data/dataset_final_different_cell_number/D56/atac11_500.h5' '../../data/dataset_final_different_cell_number/D56/atac12_500.h5' '../../data/dataset_final_different_cell_number/D56/atac13_500.h5' 13 2 '../../result/embedding/cross integration/D56/MOFA2/time_500.csv'",3726600,2189.32, 694
2024-11-09 18:16:49,"Rscript main_MOFA2_time_memory.Rmd '../../data/dataset_final_different_cell_number/D56/rna1_2000.h5' '../../data/dataset_final_different_cell_number/D56/rna2_2000.h5' '../../data/dataset_final_different_cell_number/D56/rna3_2000.h5' '../../data/dataset_final_different_cell_number/D56/rna4_2000.h5' '../../data/dataset_final_different_cell_number/D56/rna5_2000.h5' '../../data/dataset_final_different_cell_number/D56/rna6_2000.h5' '../../data/dataset_final_different_cell_number/D56/rna7_2000.h5' '../../data/dataset_final_different_cell_number/D56/rna8_2000.h5' '../../data/dataset_final_different_cell_number/D56/rna9_2000.h5' '../../data/dataset_final_different_cell_number/D56/rna10_2000.h5' '../../data/dataset_final_different_cell_number/D56/rna11_2000.h5' '../../data/dataset_final_different_cell_number/D56/rna12_2000.h5' '../../data/dataset_final_different_cell_number/D56/rna13_2000.h5' '../../data/dataset_final_different_cell_number/D56/atac1_2000.h5' '../../data/dataset_final_different_cell_number/D56/atac2_2000.h5' '../../data/dataset_final_different_cell_number/D56/atac3_2000.h5' '../../data/dataset_final_different_cell_number/D56/atac4_2000.h5' '../../data/dataset_final_different_cell_number/D56/atac5_2000.h5' '../../data/dataset_final_different_cell_number/D56/atac6_2000.h5' '../../data/dataset_final_different_cell_number/D56/atac7_2000.h5' '../../data/dataset_final_different_cell_number/D56/atac8_2000.h5' '../../data/dataset_final_different_cell_number/D56/atac9_2000.h5' '../../data/dataset_final_different_cell_number/D56/atac10_2000.h5' '../../data/dataset_final_different_cell_number/D56/atac11_2000.h5' '../../data/dataset_final_different_cell_number/D56/atac12_2000.h5' '../../data/dataset_final_different_cell_number/D56/atac13_2000.h5' 13 2 '../../result/embedding/cross integration/D56/MOFA2/time_2000.csv'",3733990,3593.05, 934
2024-11-09 18:19:16,"Rscript main_MOFA2_time_memory.Rmd '../../data/dataset_final_different_cell_number/D56/rna1_3000.h5' '../../data/dataset_final_different_cell_number/D56/rna2_3000.h5' '../../data/dataset_final_different_cell_number/D56/rna3_3000.h5' '../../data/dataset_final_different_cell_number/D56/rna4_3000.h5' '../../data/dataset_final_different_cell_number/D56/rna5_3000.h5' '../../data/dataset_final_different_cell_number/D56/rna6_3000.h5' '../../data/dataset_final_different_cell_number/D56/rna7_3000.h5' '../../data/dataset_final_different_cell_number/D56/rna8_3000.h5' '../../data/dataset_final_different_cell_number/D56/rna9_3000.h5' '../../data/dataset_final_different_cell_number/D56/rna10_3000.h5' '../../data/dataset_final_different_cell_number/D56/rna11_3000.h5' '../../data/dataset_final_different_cell_number/D56/rna12_3000.h5' '../../data/dataset_final_different_cell_number/D56/rna13_3000.h5' '../../data/dataset_final_different_cell_number/D56/atac1_3000.h5' '../../data/dataset_final_different_cell_number/D56/atac2_3000.h5' '../../data/dataset_final_different_cell_number/D56/atac3_3000.h5' '../../data/dataset_final_different_cell_number/D56/atac4_3000.h5' '../../data/dataset_final_different_cell_number/D56/atac5_3000.h5' '../../data/dataset_final_different_cell_number/D56/atac6_3000.h5' '../../data/dataset_final_different_cell_number/D56/atac7_3000.h5' '../../data/dataset_final_different_cell_number/D56/atac8_3000.h5' '../../data/dataset_final_different_cell_number/D56/atac9_3000.h5' '../../data/dataset_final_different_cell_number/D56/atac10_3000.h5' '../../data/dataset_final_different_cell_number/D56/atac11_3000.h5' '../../data/dataset_final_different_cell_number/D56/atac12_3000.h5' '../../data/dataset_final_different_cell_number/D56/atac13_3000.h5' 13 2 '../../result/embedding/cross integration/D56/MOFA2/time_3000.csv'",3742409,4580.30, 1104
2024-11-09 18:22:08,"Rscript main_MOFA2_time_memory.Rmd '../../data/dataset_final_different_cell_number/D56/rna1_5000.h5' '../../data/dataset_final_different_cell_number/D56/rna2_5000.h5' '../../data/dataset_final_different_cell_number/D56/rna3_5000.h5' '../../data/dataset_final_different_cell_number/D56/rna4_5000.h5' '../../data/dataset_final_different_cell_number/D56/rna5_5000.h5' '../../data/dataset_final_different_cell_number/D56/rna6_5000.h5' '../../data/dataset_final_different_cell_number/D56/rna7_5000.h5' '../../data/dataset_final_different_cell_number/D56/rna8_5000.h5' '../../data/dataset_final_different_cell_number/D56/rna9_5000.h5' '../../data/dataset_final_different_cell_number/D56/rna10_5000.h5' '../../data/dataset_final_different_cell_number/D56/rna11_5000.h5' '../../data/dataset_final_different_cell_number/D56/rna12_5000.h5' '../../data/dataset_final_different_cell_number/D56/rna13_5000.h5' '../../data/dataset_final_different_cell_number/D56/atac1_5000.h5' '../../data/dataset_final_different_cell_number/D56/atac2_5000.h5' '../../data/dataset_final_different_cell_number/D56/atac3_5000.h5' '../../data/dataset_final_different_cell_number/D56/atac4_5000.h5' '../../data/dataset_final_different_cell_number/D56/atac5_5000.h5' '../../data/dataset_final_different_cell_number/D56/atac6_5000.h5' '../../data/dataset_final_different_cell_number/D56/atac7_5000.h5' '../../data/dataset_final_different_cell_number/D56/atac8_5000.h5' '../../data/dataset_final_different_cell_number/D56/atac9_5000.h5' '../../data/dataset_final_different_cell_number/D56/atac10_5000.h5' '../../data/dataset_final_different_cell_number/D56/atac11_5000.h5' '../../data/dataset_final_different_cell_number/D56/atac12_5000.h5' '../../data/dataset_final_different_cell_number/D56/atac13_5000.h5' 13 2 '../../result/embedding/cross integration/D56/MOFA2/time_5000.csv'",3752277,6562.21, 1424
2024-11-09 18:24:40,"Rscript main_MOFA2_time_memory.Rmd '../../data/dataset_final_different_cell_number/D56/rna1_10000.h5' '../../data/dataset_final_different_cell_number/D56/rna2_10000.h5' '../../data/dataset_final_different_cell_number/D56/rna3_10000.h5' '../../data/dataset_final_different_cell_number/D56/rna4_10000.h5' '../../data/dataset_final_different_cell_number/D56/rna5_10000.h5' '../../data/dataset_final_different_cell_number/D56/rna6_10000.h5' '../../data/dataset_final_different_cell_number/D56/rna7_10000.h5' '../../data/dataset_final_different_cell_number/D56/rna8_10000.h5' '../../data/dataset_final_different_cell_number/D56/rna9_10000.h5' '../../data/dataset_final_different_cell_number/D56/rna10_10000.h5' '../../data/dataset_final_different_cell_number/D56/rna11_10000.h5' '../../data/dataset_final_different_cell_number/D56/rna12_10000.h5' '../../data/dataset_final_different_cell_number/D56/rna13_10000.h5' '../../data/dataset_final_different_cell_number/D56/atac1_10000.h5' '../../data/dataset_final_different_cell_number/D56/atac2_10000.h5' '../../data/dataset_final_different_cell_number/D56/atac3_10000.h5' '../../data/dataset_final_different_cell_number/D56/atac4_10000.h5' '../../data/dataset_final_different_cell_number/D56/atac5_10000.h5' '../../data/dataset_final_different_cell_number/D56/atac6_10000.h5' '../../data/dataset_final_different_cell_number/D56/atac7_10000.h5' '../../data/dataset_final_different_cell_number/D56/atac8_10000.h5' '../../data/dataset_final_different_cell_number/D56/atac9_10000.h5' '../../data/dataset_final_different_cell_number/D56/atac10_10000.h5' '../../data/dataset_final_different_cell_number/D56/atac11_10000.h5' '../../data/dataset_final_different_cell_number/D56/atac12_10000.h5' '../../data/dataset_final_different_cell_number/D56/atac13_10000.h5' 13 2 '../../result/embedding/cross integration/D56/MOFA2/time_10000.csv'",3761098,11641.19, 2244
2024-11-09 18:29:40,"Rscript main_MOFA2_time_memory.Rmd '../../data/dataset_final_different_cell_number/D56/rna1_20000.h5' '../../data/dataset_final_different_cell_number/D56/rna2_20000.h5' '../../data/dataset_final_different_cell_number/D56/rna3_20000.h5' '../../data/dataset_final_different_cell_number/D56/rna4_20000.h5' '../../data/dataset_final_different_cell_number/D56/rna5_20000.h5' '../../data/dataset_final_different_cell_number/D56/rna6_20000.h5' '../../data/dataset_final_different_cell_number/D56/rna7_20000.h5' '../../data/dataset_final_different_cell_number/D56/rna8_20000.h5' '../../data/dataset_final_different_cell_number/D56/rna9_20000.h5' '../../data/dataset_final_different_cell_number/D56/rna10_20000.h5' '../../data/dataset_final_different_cell_number/D56/rna11_20000.h5' '../../data/dataset_final_different_cell_number/D56/rna12_20000.h5' '../../data/dataset_final_different_cell_number/D56/rna13_20000.h5' '../../data/dataset_final_different_cell_number/D56/atac1_20000.h5' '../../data/dataset_final_different_cell_number/D56/atac2_20000.h5' '../../data/dataset_final_different_cell_number/D56/atac3_20000.h5' '../../data/dataset_final_different_cell_number/D56/atac4_20000.h5' '../../data/dataset_final_different_cell_number/D56/atac5_20000.h5' '../../data/dataset_final_different_cell_number/D56/atac6_20000.h5' '../../data/dataset_final_different_cell_number/D56/atac7_20000.h5' '../../data/dataset_final_different_cell_number/D56/atac8_20000.h5' '../../data/dataset_final_different_cell_number/D56/atac9_20000.h5' '../../data/dataset_final_different_cell_number/D56/atac10_20000.h5' '../../data/dataset_final_different_cell_number/D56/atac11_20000.h5' '../../data/dataset_final_different_cell_number/D56/atac12_20000.h5' '../../data/dataset_final_different_cell_number/D56/atac13_20000.h5' 13 2 '../../result/embedding/cross integration/D56/MOFA2/time_20000.csv'",3778029,21326.65, 3886
2024-11-09 18:37:09,"Rscript main_MOFA2_time_memory.Rmd '../../data/dataset_final_different_cell_number/D56/rna1_30000.h5' '../../data/dataset_final_different_cell_number/D56/rna2_30000.h5' '../../data/dataset_final_different_cell_number/D56/rna3_30000.h5' '../../data/dataset_final_different_cell_number/D56/rna4_30000.h5' '../../data/dataset_final_different_cell_number/D56/rna5_30000.h5' '../../data/dataset_final_different_cell_number/D56/rna6_30000.h5' '../../data/dataset_final_different_cell_number/D56/rna7_30000.h5' '../../data/dataset_final_different_cell_number/D56/rna8_30000.h5' '../../data/dataset_final_different_cell_number/D56/rna9_30000.h5' '../../data/dataset_final_different_cell_number/D56/rna10_30000.h5' '../../data/dataset_final_different_cell_number/D56/rna11_30000.h5' '../../data/dataset_final_different_cell_number/D56/rna12_30000.h5' '../../data/dataset_final_different_cell_number/D56/rna13_30000.h5' '../../data/dataset_final_different_cell_number/D56/atac1_30000.h5' '../../data/dataset_final_different_cell_number/D56/atac2_30000.h5' '../../data/dataset_final_different_cell_number/D56/atac3_30000.h5' '../../data/dataset_final_different_cell_number/D56/atac4_30000.h5' '../../data/dataset_final_different_cell_number/D56/atac5_30000.h5' '../../data/dataset_final_different_cell_number/D56/atac6_30000.h5' '../../data/dataset_final_different_cell_number/D56/atac7_30000.h5' '../../data/dataset_final_different_cell_number/D56/atac8_30000.h5' '../../data/dataset_final_different_cell_number/D56/atac9_30000.h5' '../../data/dataset_final_different_cell_number/D56/atac10_30000.h5' '../../data/dataset_final_different_cell_number/D56/atac11_30000.h5' '../../data/dataset_final_different_cell_number/D56/atac12_30000.h5' '../../data/dataset_final_different_cell_number/D56/atac13_30000.h5' 13 2 '../../result/embedding/cross integration/D56/MOFA2/time_30000.csv'",3804090,29478.32, 5528
2024-11-09 18:47:56,"Rscript main_MOFA2_time_memory.Rmd '../../data/dataset_final_different_cell_number/D56/rna1_50000.h5' '../../data/dataset_final_different_cell_number/D56/rna2_50000.h5' '../../data/dataset_final_different_cell_number/D56/rna3_50000.h5' '../../data/dataset_final_different_cell_number/D56/rna4_50000.h5' '../../data/dataset_final_different_cell_number/D56/rna5_50000.h5' '../../data/dataset_final_different_cell_number/D56/rna6_50000.h5' '../../data/dataset_final_different_cell_number/D56/rna7_50000.h5' '../../data/dataset_final_different_cell_number/D56/rna8_50000.h5' '../../data/dataset_final_different_cell_number/D56/rna9_50000.h5' '../../data/dataset_final_different_cell_number/D56/rna10_50000.h5' '../../data/dataset_final_different_cell_number/D56/rna11_50000.h5' '../../data/dataset_final_different_cell_number/D56/rna12_50000.h5' '../../data/dataset_final_different_cell_number/D56/rna13_50000.h5' '../../data/dataset_final_different_cell_number/D56/atac1_50000.h5' '../../data/dataset_final_different_cell_number/D56/atac2_50000.h5' '../../data/dataset_final_different_cell_number/D56/atac3_50000.h5' '../../data/dataset_final_different_cell_number/D56/atac4_50000.h5' '../../data/dataset_final_different_cell_number/D56/atac5_50000.h5' '../../data/dataset_final_different_cell_number/D56/atac6_50000.h5' '../../data/dataset_final_different_cell_number/D56/atac7_50000.h5' '../../data/dataset_final_different_cell_number/D56/atac8_50000.h5' '../../data/dataset_final_different_cell_number/D56/atac9_50000.h5' '../../data/dataset_final_different_cell_number/D56/atac10_50000.h5' '../../data/dataset_final_different_cell_number/D56/atac11_50000.h5' '../../data/dataset_final_different_cell_number/D56/atac12_50000.h5' '../../data/dataset_final_different_cell_number/D56/atac13_50000.h5' 13 2 '../../result/embedding/cross integration/D56/MOFA2/time_50000.csv'",3841761,49044.73, 8810
2024-11-09 19:05:28,"Rscript main_MOFA2_time_memory.Rmd '../../data/dataset_final_different_cell_number/D56/rna1_80000.h5' '../../data/dataset_final_different_cell_number/D56/rna2_80000.h5' '../../data/dataset_final_different_cell_number/D56/rna3_80000.h5' '../../data/dataset_final_different_cell_number/D56/rna4_80000.h5' '../../data/dataset_final_different_cell_number/D56/rna5_80000.h5' '../../data/dataset_final_different_cell_number/D56/rna6_80000.h5' '../../data/dataset_final_different_cell_number/D56/rna7_80000.h5' '../../data/dataset_final_different_cell_number/D56/rna8_80000.h5' '../../data/dataset_final_different_cell_number/D56/rna9_80000.h5' '../../data/dataset_final_different_cell_number/D56/rna10_80000.h5' '../../data/dataset_final_different_cell_number/D56/rna11_80000.h5' '../../data/dataset_final_different_cell_number/D56/rna12_80000.h5' '../../data/dataset_final_different_cell_number/D56/rna13_80000.h5' '../../data/dataset_final_different_cell_number/D56/atac1_80000.h5' '../../data/dataset_final_different_cell_number/D56/atac2_80000.h5' '../../data/dataset_final_different_cell_number/D56/atac3_80000.h5' '../../data/dataset_final_different_cell_number/D56/atac4_80000.h5' '../../data/dataset_final_different_cell_number/D56/atac5_80000.h5' '../../data/dataset_final_different_cell_number/D56/atac6_80000.h5' '../../data/dataset_final_different_cell_number/D56/atac7_80000.h5' '../../data/dataset_final_different_cell_number/D56/atac8_80000.h5' '../../data/dataset_final_different_cell_number/D56/atac9_80000.h5' '../../data/dataset_final_different_cell_number/D56/atac10_80000.h5' '../../data/dataset_final_different_cell_number/D56/atac11_80000.h5' '../../data/dataset_final_different_cell_number/D56/atac12_80000.h5' '../../data/dataset_final_different_cell_number/D56/atac13_80000.h5' 13 2 '../../result/embedding/cross integration/D56/MOFA2/time_80000.csv'",3903717,80217.26, 13732
2024-11-09 19:37:36,"Rscript main_MOFA2_time_memory.Rmd '../../data/dataset_final_different_cell_number/D56/rna1_100000.h5' '../../data/dataset_final_different_cell_number/D56/rna2_100000.h5' '../../data/dataset_final_different_cell_number/D56/rna3_100000.h5' '../../data/dataset_final_different_cell_number/D56/rna4_100000.h5' '../../data/dataset_final_different_cell_number/D56/rna5_100000.h5' '../../data/dataset_final_different_cell_number/D56/rna6_100000.h5' '../../data/dataset_final_different_cell_number/D56/rna7_100000.h5' '../../data/dataset_final_different_cell_number/D56/rna8_100000.h5' '../../data/dataset_final_different_cell_number/D56/rna9_100000.h5' '../../data/dataset_final_different_cell_number/D56/rna10_100000.h5' '../../data/dataset_final_different_cell_number/D56/rna11_100000.h5' '../../data/dataset_final_different_cell_number/D56/rna12_100000.h5' '../../data/dataset_final_different_cell_number/D56/rna13_100000.h5' '../../data/dataset_final_different_cell_number/D56/atac1_100000.h5' '../../data/dataset_final_different_cell_number/D56/atac2_100000.h5' '../../data/dataset_final_different_cell_number/D56/atac3_100000.h5' '../../data/dataset_final_different_cell_number/D56/atac4_100000.h5' '../../data/dataset_final_different_cell_number/D56/atac5_100000.h5' '../../data/dataset_final_different_cell_number/D56/atac6_100000.h5' '../../data/dataset_final_different_cell_number/D56/atac7_100000.h5' '../../data/dataset_final_different_cell_number/D56/atac8_100000.h5' '../../data/dataset_final_different_cell_number/D56/atac9_100000.h5' '../../data/dataset_final_different_cell_number/D56/atac10_100000.h5' '../../data/dataset_final_different_cell_number/D56/atac11_100000.h5' '../../data/dataset_final_different_cell_number/D56/atac12_100000.h5' '../../data/dataset_final_different_cell_number/D56/atac13_100000.h5' 13 2 '../../result/embedding/cross integration/D56/MOFA2/time_100000.csv'",4019392,97577.18, 17004
